projectiles_tables																																																			
44																																																			
key	category	shot_type	explosion_type	spin_type	projectile_number	trajectory_sight	effective_range	minimum_range	max_elevation	muzzle_velocity	marksmanship_bonus	spread	damage	ap_damage	can_bounce	high_air_resistence	collision_radius	base_reload_time	calibration_distance	calibration_area	bonus_vs_infantry	bonus_vs_cavalry	bonus_vs_large	projectile_display	overhead_stat_effect	projectile_audio	shockwave_radius	can_damage_buildings	contact_stat_effect	is_grapple	gravity	burst_size	burst_shot_delay	mass	homing_param	first_person_params	ignition_amount	is_magical	can_target_airborne	fixed_elevation	projectile_penetration	expiry_range	is_beam_launch_burst	expire_on_impact	can_roll	trail_always_on	shots_per_volley	fired_by_mount	lock_on_multiple_fire_pos	prefer_central_target	can_damage_vehicles
wh2_dlc09_casket_of_souls	artillery	artillery_explosive	wh2_dlc09_casket_of_souls	shell_spin	7	fixed	440	45	88	50	10	7	40	90	False	False	1	19	300	220	0	0	0	wh2_dlc09_casket_of_souls_projectile		wh2_casket_of_souls	0.7	True		False	20	1	0	200			0	True	True	35	high_magic	650	False	False	False	True	1	True	False	True	True
wh2_dlc09_tmb_skull_projectile	artillery	artillery_default	wh2_dlc09_screaming_skull_explosion	none	1	low	380	35	50	67	10	0	30	120	False	False	0.4	16	320	80	0	0	0	wh2_dlc09_tmb_skull_projectile		wh2_catapult_screamingskull	0.6	True	wh_main_unit_contact_overhead_morale	False	-1	1	0	120			0	True	True	45	large_2	700	False	True	False	True	1	False	False	True	True
wh2_dlc09_tmb_stalker_gaze	artillery	artillery_default		shell_spin	8	low	80	0	88	32	10	3.7	0	12	False	False	0.1	10	80	12	0	0	0	wh2_dlc09_tmb_stalker_gaze		wh2_dlc_tmb_stalker_gaze	-1	False	wh_main_unit_contact_poison	False	1	1	0	40			0	True	True	45	low	110	False	True	False	True	1	False	False	False	True
wh2_dlc09_tmb_ushabti_bolt_ror	arrow	artillery_canister	wh2_dlc09_tmb_ushabti_bolt_ror	none	1	fixed	255	20	88	70	30	2.5	4	16	False	False	0.1	11	212	10	0	0	0	wh_tmb_ushabti_arrow		wh2_ushabti_bolt_ror	0.3	True	wh2_dlc09_unit_contact_shieldbreaker	False	-1	1	0	20			0	False	True	20	medium	700	False	False	False	False	1	False	False	False	True
wh2_dlc09_tmb_warsphinx_arrow	arrow	small_arm_default		none	1	dual_low_fixed	115	0	88	45	10	0	27	13	False	False	0.1	6	50	2.9	0	0	0	wh_brt_longbow_arrow		wh_bow_arrow_normal	-1	False		False	-1	1	0	5			0	False	True	45	low	160	False	False	False	False	1	False	False	False	False
wh2_dlc09_tower_tmb_bolt_1	arrow	small_arm_default		none	1	dual_low_fixed	450	0	88	67	10	1.25	150	75	False	False	0.1	20	225	75	0	0	0	wh_tmb_ushabti_arrow		wh_bolt_thrower	-1	True		False	-1	3	1	1			0	False	True	45	low	-1	False	False	False	False	1	False	False	False	True
wh2_dlc09_tower_tmb_bolt_2	arrow	small_arm_default		none	1	dual_low_fixed	450	0	88	67	10	1.25	165	85	False	False	0.1	20	225	75	0	0	0	wh_tmb_ushabti_arrow		wh_bolt_thrower	-1	True		False	-1	3	1	1			0	False	True	45	low	-1	False	False	False	False	1	False	False	False	True
wh2_dlc09_tower_tmb_magic_missile_1	artillery	artillery_explosive	wh2_dlc09_screaming_skull_explosion_1	shell_spin	1	low	450	0	88	67	10	0	600	100	False	False	1	22	225	120	0	0	0	wh2_dlc09_tmb_skull_projectile		wh2_catapult_screamingskull	1	True		False	-1	1	0	200			0	True	True	45	medium	-1	False	True	False	True	1	False	False	True	True
wh2_dlc09_tower_tmb_magic_missile_2	artillery	artillery_explosive	wh2_dlc09_screaming_skull_explosion_2	shell_spin	1	low	450	0	88	67	10	0	750	100	False	False	1	22	225	120	0	0	0	wh2_dlc09_tmb_skull_projectile		wh2_catapult_screamingskull	1	True		False	-1	1	0	200			0	True	True	45	medium	-1	False	True	False	True	1	False	False	True	True
wh2_dlc09_unit_abilities_death_from_above	artillery	artillery_default	wh2_dlc09_unit_abilities_death_from_above	grenade_spin	1	low	20	0	88	15	0	3	96	36	False	False	0.5	1	250	10	0	0	0	wh2_dlc09_tmb_skull_projectile_dropped		wh2_Terradon_Bomb	1.5	False		False	10	1	0	25			0	False	False	45	very_low_magic	-1	False	True	False	True	1	False	False	False	False
wh2_dlc10_hef_alith_anar_arrow	artillery	artillery_default		none	1	low	300	8	45	84	40	0	70	250	False	False	0.1	11	250	2	0	0	0	wh2_dlc10_alith_anar_arrow		wh2_bolt_thrower_eagle_claw	-1	True		False	-1	1	0	50			0	False	True	45	large_2	700	False	False	False	False	1	False	False	False	True
wh2_dlc10_hef_alith_anar_mirror_arrow	artillery	artillery_default		none	1	low	300	8	45	84	40	0	1	1	False	False	0.1	11	250	2	0	0	0	wh2_dlc10_alith_anar_arrow		wh2_bolt_thrower_eagle_claw	-1	True		False	-1	1	0	1			0	False	True	45	all	700	False	False	False	False	1	False	False	False	True
wh2_dlc10_hef_alith_anar_mirror_arrow_upgraded	artillery	artillery_default		none	1	low	300	8	45	84	40	0	35	125	False	False	0.1	11	250	2	0	0	0	wh2_dlc10_alith_anar_arrow		wh2_bolt_thrower_eagle_claw	-1	True		False	-1	1	0	50			0	False	True	45	large_2	700	False	False	False	False	1	False	False	False	True
wh2_dlc10_hef_longbow_arrow_everqueen_court_guard	arrow	small_arm_default		none	1	dual_low_fixed	180	0	88	55	10	0	6	16	False	False	0.1	10	120	3	0	0	0	wh2_dlc10_abilities_everqueen_court_guard		wh_bow_arrow_magical	-1	False		False	-1	1	0	6			1	True	True	45	very_low_magic	300	False	False	False	False	1	False	False	False	False
wh2_dlc10_hef_longbow_arrow_handmaiden	arrow	small_arm_default		none	1	dual_low_fixed	180	0	88	60	10	0	55	125	False	False	0.1	9	150	1	0	0	0	wh2_dlc10_abilities_sisterofavalorn		wh_bow_arrow_magical	0.1	False		False	-1	1	0	5			1	True	True	45	low	300	False	False	False	False	1	False	False	False	False
wh2_dlc10_hef_longbow_arrow_shadow	arrow	small_arm_default		none	1	dual_low_fixed	180	0	88	45	10	0	18	4	False	False	0.1	11	150	5.6	0	0	0	wh2_main_hef_bow_arrow		wh_bow_arrow_normal	-1	False		False	-1	1	0	3			0	False	True	45	very_low	300	False	False	False	False	1	False	False	False	False
wh2_dlc10_hef_longbow_arrow_shadow_walker	arrow	small_arm_default		none	1	dual_low_fixed	180	0	88	57	30	0	22	5	False	False	0.1	11	150	3.1	0	0	0	wh2_main_hef_bow_arrow		wh_bow_arrow_normal	-1	False	wh_main_unit_contact_poison	False	-1	1	0	3			0	False	True	45	very_low	300	False	False	False	False	1	False	False	False	False
wh2_dlc10_hef_longbow_arrow_sisters	arrow	small_arm_default		none	1	dual_low_fixed	180	0	88	55	10	0	6	16	False	False	0.1	10	120	3	0	0	0	wh2_dlc10_abilities_sisterofavalorn		wh2_dlc10_bow_arrow_hef_SOA_magical	-1	False		False	-1	1	0	6			1	True	True	45	very_low_magic	300	False	False	False	False	1	False	False	False	False
wh2_dlc10_item_bound_assault_of_stone	arrow	small_arm_flaming	wh2_dlc10_item_bound_assault_of_stone	grenade_spin	1	low	4	0	88	10	0	5	48	68	False	False	0.4	1	250	10	0	0	0	wh2_dlc10_assault_of_stone		wh_catapult_rock_normal	0.5	True		False	20	1	0	20			0	True	True	45	high	-1	False	False	False	False	1	False	False	True	True
wh2_dlc10_item_bound_blast	artillery	artillery_default		none	1	low	100	20	60	100	90	0	150	350	False	False	1	15	100	1	0	0	0	wh2_dlc10_blast		wh_magic_bolt_of_illumination	1.3	True		False	0.2	1	0	6			1	True	True	45	all	130	False	False	False	True	1	False	False	True	True
wh2_dlc10_spell_bound_lesser_doombolt	artillery	artillery_explosive	wh2_dlc10_spell_bound_lesser_doombolt	shell_spin	1	low	300	25	50	85	30	0	0	336	False	False	1	1	75	0.1	0	0	0	wh2_main_spell_dark_magic_doombolt		wh_magic_dark_magic_doombolt	1	True		False	0.85	1	0	250	wh2_main_army_abilities_bolt_of_spite		0	True	True	45	very_low_magic	-1	False	False	False	True	1	False	False	True	True
wh2_dlc10_tmb_bone_giant_arrow	artillery	artillery_default	wh2_dlc10_bone_giant_explosion	none	1	low	350	10	88	95	40	0	67	304	False	False	1	11	275	4	0	0	150	wh2_dlc10_tmb_bone_giant_arrow		wh2_dlc10_bone_arrow	0.7	True		False	-1	1	0	350			0	True	True	45	very_high	700	False	False	False	False	1	False	False	False	True
wh2_dlc10_unit_abilities_frost_breath	artillery	artillery_default	wh2_dlc10_abilities_frost_breath_explosion	none	1	low	90	15	88	44	60	0	40	24	True	False	1	6	80	22	0	0	0	wh2_dlc10_frostbreath		wh2_dragon_breath_ice_multi	1	False	wh_dlc08_unit_contact_frostbite	False	3	1	0	1			1	False	True	45	high_magic	100	False	True	False	True	12	False	True	True	False
wh2_dlc10_weapon_abilities_the_moonbow	artillery	artillery_explosive	wh2_dlc10_weapon_abilities_the_moonbow	shell_spin	1	low	300	25	50	85	40	0	0	672	False	False	1	1	275	0.1	0	0	0	wh2_dlc10_weapon_abilities_the_moonbow		wh2_dlc10_ability_the_moonbow	1	True		False	-1	1	0	50			0	True	True	45	high_magic	-1	False	False	False	True	1	False	False	True	True
wh2_main_army_abilities_bloodwrack_cauldron	fireball	artillery_explosive	wh2_main_army_abilities_bloodwrack_cauldron	shell_spin	1	low	200	25	50	75	30	0	864	216	False	False	2	1	250	1	0	0	0	wh2_main_army_abilities_bloodwrack_cauldron		wh2_main_ability_bloodwrack_cauldron	3.5	True		False	-1	1	0	1000			0	True	True	45	all	-1	False	False	False	True	1	False	False	True	True
wh2_main_army_abilities_bolt_of_spite	arrow	artillery_explosive	wh2_main_army_abilities_bolt_of_spite	shell_spin	1	low	200	25	50	40	30	0	864	216	False	False	2	1	250	1	0	0	0	wh2_main_army_abilities_bolt_of_spite		wh2_main_ability_bolt_of_spite	3.5	True		False	0.1	1	0	1000	wh2_main_army_abilities_bolt_of_spite		0	True	True	45	high_magic	-1	False	False	False	True	1	False	False	True	True
wh2_main_army_abilities_brazen_cauldron	fireball	artillery_explosive	wh2_main_army_abilities_brazen_cauldron	shell_spin	1	low	200	25	50	75	30	0	864	216	False	False	2	1	250	1	0	0	0	wh2_main_army_abilities_brazen_cauldron		wh2_main_ability_brazen_cauldron	3.5	True		False	-1	1	0	1000			0	True	True	45	all	-1	False	False	False	True	1	False	False	True	True
wh2_main_army_abilities_khaines_flail	artillery	artillery_explosive	wh2_main_army_abilities_khaines_flail	shell_spin	1	low	200	25	50	160	30	0	0	672	False	False	2	1	75	0.1	0	0	0	wh2_main_army_abilities_khaines_flail		wh_magic_urannons_thunderbolt	2	True		False	0.85	1	0	100			0	True	True	45	high_magic	-1	False	False	False	True	1	False	False	True	True
wh2_main_army_abilities_khaines_lash	artillery	artillery_explosive	wh2_main_army_abilities_khaines_lash	shell_spin	1	low	200	25	50	160	30	0	0	672	False	False	2	1	75	0.1	0	0	0	wh2_main_army_abilities_khaines_lash		wh_magic_urannons_thunderbolt	2	True		False	0.85	1	0	100			0	True	True	45	high_magic	-1	False	False	False	True	1	False	False	True	True
wh2_main_army_abilities_khaines_scourge	artillery	artillery_explosive	wh2_main_army_abilities_khaines_scourge	shell_spin	1	low	200	25	50	160	30	0	0	672	False	False	2	1	75	0.1	0	0	0	wh2_main_army_abilities_khaines_scourge		wh_magic_urannons_thunderbolt	2	True		False	0.85	1	0	100			0	True	True	45	high_magic	-1	False	False	False	True	1	False	False	True	True
wh2_main_army_abilities_skaven_bomb	artillery	artillery_explosive	wh2_main_army_abilities_vortic_blast	none	1	low	50	10	5	-1	5	1	1	1	False	False	0.5	27	1	1	0	0	0	wh2_main_no_visual		wh_copter_bomb	0.5	True		False	-1	1	0	10			1	False	False	45	very_low_magic	-1	False	False	False	False	1	False	False	True	True
wh2_main_army_abilities_sky_cauldron	fireball	artillery_explosive	wh2_main_army_abilities_sky_cauldron	shell_spin	1	low	200	25	50	75	30	0	864	216	False	False	2	1	250	1	0	0	0	wh2_main_army_abilities_sky_cauldron		wh2_main_ability_sky_cauldron	3.5	True		False	-1	1	0	1000			0	True	True	45	all	-1	False	False	False	True	1	False	False	True	True
wh2_main_army_abilities_soul_rain	arrow	small_arm_flaming	wh2_main_army_abilities_soul_rain	shell_spin	1	low	40	0	88	30	0	5	52	26	False	False	0.5	1	250	10	0	0	0	wh2_main_army_abilities_soul_rain		wh2_main_ability_soul_rain	1	False		False	10	1	0	25			0	True	True	45	very_low_magic	-1	False	False	False	True	1	False	False	True	False
wh2_main_army_abilities_soul_storm	arrow	small_arm_flaming	wh2_main_army_abilities_soul_storm	shell_spin	1	low	40	0	88	30	0	5	52	26	False	False	0.5	1	250	10	0	0	0	wh2_main_army_abilities_soul_storm		wh2_main_ability_soul_storm	1	False		False	10	1	0	25			0	True	True	45	very_low_magic	-1	False	False	False	True	1	False	False	True	False
wh2_main_army_abilities_soul_torrent	arrow	small_arm_flaming	wh2_main_army_abilities_soul_torrent	shell_spin	1	low	40	0	88	30	0	5	52	26	False	False	0.5	1	250	10	0	0	0	wh2_main_army_abilities_soul_torrent		wh2_main_ability_soul_torrent	1	False		False	10	1	0	25			0	True	True	45	very_low_magic	-1	False	False	False	True	1	False	False	True	False
wh2_main_army_abilities_vauls_hammer	artillery	artillery_explosive	wh2_main_army_abilities_vauls_hammer	none	1	low	10	10	5	-1	5	0	70	70	False	True	0.3	27	2	6	0	0	0	wh2_main_army_abilities_vauls_hammer		wh_copter_bomb	1.2	True		False	-1	1	0	10			0	False	False	45		-1	False	False	False	False	1	False	False	False	True
wh2_main_army_abilities_vortic_blast_shrapnel	artillery	artillery_default	wh2_main_army_abilities_vortic_blast_shrapnel	shell_spin	1	low	50	20	88	23	100	40	1	1	False	False	0.5	23	100	100	0	0	0	wh2_main_army_abilities_vortic_blast_shrapnel		wh2_main_ability_vortic_blast_shrapnel	0.5	True		False	-1	1	0	20			1	False	False	50	high	-1	False	False	False	True	1	False	False	True	True
wh2_main_army_abilities_vortic_enrichment	artillery	artillery_explosive	wh2_main_army_abilities_vortic_enrichment	none	1	low	50	10	5	-1	5	1	0	0	False	False	0.5	27	1	1	0	0	0	wh2_main_no_visual			0.5	False		False	-1	1	0	10			0	False	False	45	very_low_magic	-1	False	False	False	False	1	False	False	False	False
wh2_main_army_abilities_vortic_enrichment_shrapnel	artillery	artillery_default	wh2_main_army_abilities_vortic_enrichment_shrapnel	shell_spin	1	low	50	20	60	23	100	40	0	0	False	False	0.5	23	100	100	0	0	0	wh2_main_army_abilities_vortic_enrichment_shrapnel		wh2_main_ability_vortic_enrichment_shrapnel	0.5	False		False	-1	1	0	20			0	False	False	50	high	-1	False	False	False	True	1	False	False	False	False
wh2_main_army_abilities_warpbomb	artillery	artillery_explosive	wh2_main_army_abilities_warpbomb	none	1	low	10	10	5	-1	5	0	0	0	False	True	1	27	2	6	0	0	0			wh_copter_bomb	1	True		False	-1	1	0	10			0	False	False	45		-1	False	False	False	False	1	False	False	True	False
wh2_main_bound_doombolt	artillery	artillery_explosive	wh2_main_spell_dark_magic_doombolt	shell_spin	1	low	300	25	50	85	30	0	0	224	False	False	1	1	75	0.1	0	0	0	wh2_main_spell_dark_magic_doombolt		wh_magic_dark_magic_doombolt	1	True		False	0.85	1	0	250	wh2_main_army_abilities_bolt_of_spite		0	True	True	45	very_low_magic	-1	False	False	False	True	1	False	False	True	True
wh2_main_bound_shems_burning_gaze	musket	small_arm_flaming	wh2_main_bound_shems_burning_gaze	shell_spin	15	low	250	10	88	60	30	5	22	50	False	False	0.25	1	100	0.1	0	0	40	wh_main_spell_light_shems_burning_gaze		wh_magic_burning_gaze	0.25	False		False	0.9	1	1	1	wh_main_magic_missile		1	True	True	25	medium_magic	-1	False	False	False	True	1	False	False	False	False
wh2_main_bound_urannons_thunderbolt	artillery	artillery_explosive	wh2_main_bound_urannons_thunderbolt	shell_spin	1	low	200	25	50	120	30	0	0	672	False	False	2	1	75	0.1	0	0	0	wh_main_spell_heavens_urannons_thunderbolt		wh_magic_urannons_thunderbolt	2	True		False	0.85	1	0	100			0	True	True	45	high_magic	-1	False	False	False	True	1	False	False	True	True
wh2_main_character_abilities_volley_of_dark_arrows	arrow	small_arm_default	wh2_main_character_abilities_volley_of_dark_arrows	none	3	fixed	200	5	65	100	100	15	0	120	False	False	1	20	150	0.1	0	0	0	wh2_main_character_abilities_volley_of_dark_arrows		wh2_main_ability_volley_of_dark_arrows	0.5	False		False	20	1	0	300	wh_dlc05_spell_arrow_of_kurnous		0	False	True	30	very_high_magic	500	False	False	False	False	1	False	False	False	False
wh2_main_character_abilities_volley_of_high_arrows	arrow	small_arm_default	wh2_main_character_abilities_volley_of_high_arrows	none	3	fixed	200	5	65	100	100	15	0	120	False	False	1	20	150	0.1	0	0	0	wh2_main_character_abilities_volley_of_high_arrows		wh2_main_ability_volley_of_high_arrows	0.5	False		False	20	1	0	300	wh_dlc05_spell_arrow_of_kurnous		0	False	True	30	very_high_magic	500	False	False	False	False	1	False	False	False	False
wh2_main_chs_chaos_dragon_breath	artillery	artillery_explosive	wh2_main_chs_chaos_dragon_explosion	none	1	low	90	0	88	52	60	0	32	50	False	False	1	6	80	14	0	0	0	wh2_chs_chaos_dragon_breath		wh2_dragon_breath_dark	1	True		False	3	1	0	45			1	False	True	45	medium	140	False	True	False	True	15	True	True	True	True
wh2_main_def_black_dragon_breath	artillery	artillery_explosive	wh2_main_def_black_dragon_explosion	none	1	low	90	0	88	42	60	0	77	32	False	False	1	6	80	33	0	0	0	wh2_def_black_dragon_breath		wh2_dragon_breath_poison	1	True		False	3	1	0	45			0	False	True	45	medium	140	False	True	False	True	15	True	True	True	True
wh2_main_def_crossbow_bolt	arrow	small_arm_default		none	2	dual_low_fixed	125	0	88	45	10	1.65	3	11	False	False	0.1	14	85	3.5	0	0	0	wh2_main_def_crossbow_bolt		wh_crossbow_bolt_normal	-1	False		False	-1	1	0	5			0	False	True	45	very_low	300	False	False	False	False	1	False	False	False	False
wh2_main_def_crossbow_bolt_chariot	arrow	small_arm_default		none	2	dual_low_fixed	125	0	88	45	30	1.7	8	24	False	False	0.1	7	85	2.6	0	0	0	wh2_main_def_crossbow_bolt		wh_crossbow_bolt_normal	-1	True		False	-1	1	0	5			0	False	True	45	very_low	300	False	False	False	False	1	False	False	False	False
wh2_main_def_crossbow_bolt_dreadlord	arrow	small_arm_default		none	2	dual_low_fixed	125	0	88	60	70	1.65	40	140	False	False	0.1	12	100	0.5	0	0	0	wh2_main_def_crossbow_bolt		wh_crossbow_bolt_normal_LH	0.1	False		False	-1	1	0	5			0	False	True	45	medium	300	False	False	False	False	1	False	False	False	False
wh2_main_def_crossbow_bolt_horse	arrow	small_arm_default		none	2	dual_low_fixed	115	0	88	45	10	1.75	3	11	False	False	0.1	14	85	4	0	0	0	wh2_main_def_crossbow_bolt		wh_crossbow_bolt_normal	-1	False		False	-1	1	0	5			0	False	True	45	very_low	300	False	False	False	False	1	False	False	False	False
wh2_main_def_crossbow_bolt_pegasus_ror_0	arrow	small_arm_default		none	2	dual_low_fixed	115	0	88	45	30	1.75	6	22	False	False	0.1	14	85	4	0	0	0	wh2_main_def_crossbow_bolt		wh_crossbow_bolt_normal	-1	False		False	-1	1	0	5			0	False	True	45	very_low	300	False	False	False	False	1	False	False	False	False
wh2_main_def_crossbow_bolt_ror_0	arrow	small_arm_default		none	2	dual_low_fixed	145	0	88	45	10	1	3	11	False	False	0.1	14	90	3.5	0	0	0	wh2_main_def_crossbow_bolt		wh_crossbow_bolt_normal	-1	False	wh2_dlc09_unit_contact_shieldbreaker	False	-1	1	0	5			0	False	True	45	very_low	300	False	False	False	False	1	False	False	False	False
wh2_main_def_crossbow_bolt_shades	arrow	small_arm_default		none	2	dual_low_fixed	130	0	88	48	20	1.65	3	12	False	False	0.1	10	95	3.4	0	0	0	wh2_main_def_crossbow_bolt		wh_crossbow_bolt_normal	-1	False		False	-1	1	0	5			0	False	True	45	very_low	300	False	False	False	False	1	False	False	False	False
wh2_main_def_handbow_bolt	arrow	small_arm_default		none	2	low	70	0	88	45	10	2.8	9	3	False	False	0.1	12	40	4	0	0	0	wh2_main_def_handbow_bolt		wh_crossbow_bolt_normal	-1	False		False	-1	1	0	5			0	False	True	45	very_low	170	False	False	False	False	1	False	False	False	False
wh2_main_def_handbow_bolt_khainite_assassin	arrow	small_arm_default		none	2	low	70	0	88	55	70	2	140	40	False	False	0.1	5	50	0.8	0	0	0	wh2_main_def_handbow_bolt		wh_crossbow_bolt_normal	-1	False		False	-1	1	0	5			0	False	True	45	very_low	170	False	False	False	False	1	False	False	False	False
wh2_main_def_reaper_bolt_thrower_bolt	artillery	artillery_default		none	1	low	350	8	45	80	40	0	30	120	False	False	0.1	11	275	4	0	0	50	wh2_main_def_reaper_bolt		wh2_bolt_thrower_eagle_claw	-1	True		False	-1	1	0	50			0	False	True	45	large_2	700	False	False	False	False	1	False	False	False	True
wh2_main_def_reaper_bolt_thrower_bolt_spread	artillery	artillery_canister		none	16	low	350	8	45	68	10	3.5	3	8	False	False	0.1	11	275	15	8	0	0	wh2_main_def_reaper_bolt_spread		wh2_bolt_thrower_eagle_claw_spread	0.3	True		False	-1	1	0	13			0	False	True	45	medium	700	False	False	False	False	1	False	False	False	True
wh2_main_def_war_hydra_breath	artillery	artillery_default	wh2_main_def_war_hydra_explosion	none	1	low	90	15	88	50	60	0	54	32	False	False	1	6	80	22	0	0	0	wh2_def_hydra_dragon_breath		wh2_dragon_breath_flame_multi	1	False		False	6	1	0	45			1	False	True	45	medium	100	False	True	False	True	12	False	True	True	False
wh2_main_hef_bow_arrow	arrow	small_arm_default		none	1	dual_low_fixed	165	0	88	45	10	0	16	3	False	False	0.1	11	120	4.7	0	0	0	wh2_main_hef_bow_arrow		wh_bow_arrow_normal	-1	False		False	-1	1	0	3			0	False	True	45	very_low	300	False	False	False	False	1	False	False	False	False
wh2_main_hef_bow_arrow_mounted	arrow	small_arm_default		none	1	dual_low_fixed	140	0	88	45	10	0	16	3	False	False	0.1	11	85	3.4	0	0	0	wh2_main_hef_bow_arrow		wh_bow_arrow_normal	-1	False		False	-1	1	0	3			0	False	True	45	very_low	300	False	False	False	False	1	False	False	False	False
wh2_main_hef_eagle_claw_bolt	artillery	artillery_default		none	1	low	380	8	45	80	40	0	30	120	False	False	0.1	12	275	4	0	0	50	wh2_main_eagleclaw_bolt		wh2_bolt_thrower_eagle_claw	-1	True		False	-1	1	0	50			0	False	True	45	large_2	700	False	False	False	False	1	False	False	False	True
wh2_main_hef_eagle_claw_bolt_spread	artillery	artillery_canister		none	16	low	380	8	45	68	10	3.5	3	8	False	False	0.1	12	275	15	8	0	0	wh2_main_eagleclaw_bolt_spread		wh2_bolt_thrower_eagle_claw_spread	0.3	True		False	-1	1	0	13			0	False	True	45	medium	700	False	False	False	False	1	False	False	False	True
wh2_main_hef_longbow_arrow	arrow	small_arm_default		none	1	dual_low_fixed	180	0	88	45	10	0	16	3	False	False	0.1	11	140	5.7	0	0	0	wh2_main_hef_bow_arrow		wh_bow_arrow_normal	-1	False		False	-1	1	0	3			0	False	True	45	very_low	300	False	False	False	False	1	False	False	False	False
wh2_main_hef_longbow_arrow_princess	arrow	small_arm_default		none	1	dual_low_fixed	180	0	88	60	100	0	190	80	False	False	0.1	8	150	1	0	0	0	wh2_main_hef_bow_arrow		wh_crossbow_bolt_normal	0.1	False		False	-1	1	0	5			0	False	True	45	medium	300	False	False	False	False	1	False	False	False	False
wh2_main_hef_moon_dragon_breath	artillery	artillery_explosive	wh2_main_hef_moon_dragon_explosion	none	1	low	90	0	88	52	60	0	68	41	False	False	1	6	80	25	0	0	0	wh2_hef_moon_dragon_breath		wh_dragon_breath_flame	1	True		False	3	1	0	45			1	False	True	45	medium	140	False	True	False	True	15	True	True	True	True
wh2_main_hef_reaver_bow_arrow_tiranoc_chariot	arrow	small_arm_default		none	1	dual_low_fixed	165	0	88	50	20	0	16	10	False	False	0.1	7	120	4	0	0	0	wh2_main_hef_bow_arrow		wh_bow_arrow_normal	-1	False		False	-1	1	0	3			0	True	True	45	very_low	300	False	False	False	False	3	False	False	False	False
wh2_main_hef_sea_guard_arrow	arrow	small_arm_default		none	1	dual_low_fixed	165	0	88	45	10	0	15	4	False	False	0.1	11	120	5.3	0	0	0	wh2_main_hef_bow_arrow		wh_bow_arrow_normal	-1	False		False	-1	1	0	3			0	False	True	45	very_low	300	False	False	False	False	1	False	False	False	False
wh2_main_hef_star_dragon_breath	artillery	artillery_explosive	wh2_main_hef_star_dragon_explosion	none	1	low	90	0	88	54	60	0	32	50	False	False	1	6	80	12	0	0	0	wh2_hef_star_dragon_breath		wh2_dragon_breath_dark	1	True		False	3	1	0	45			1	False	True	45	medium	140	False	True	False	True	15	True	True	True	True
wh2_main_hef_sun_dragon_breath	artillery	artillery_explosive	wh2_main_hef_sun_dragon_explosion	none	1	low	90	0	88	52	60	0	55	22	False	False	1	6	80	35	0	0	0	wh2_hef_sun_dragon_breath		wh_dragon_breath_flame	1	True		False	3	1	0	45			1	False	True	45	medium	140	False	True	False	True	15	True	True	True	True
wh2_main_hero_abilities_doomrocket	artillery	artillery_default	wh2_main_hero_abilities_doomrocket	shell_spin	1	fixed	200	20	65	72	100	0	52	26	False	False	1	23	100	10	0	0	0	wh2_main_hero_abilities_doomrocket		wh2_main_ability_doomrocket	1	True		False	-1	1	0	350			1	True	True	30	medium_magic	-1	False	False	False	True	1	False	False	True	True
wh2_main_hero_abilities_doomrocket_shrapnel	artillery	artillery_default	wh2_main_hero_abilities_doomrocket_shrapnel	shell_spin	1	fixed	200	20	88	20	100	3	0	264	False	False	0.5	23	100	30	0	0	0	wh2_main_hero_abilities_doomrocket_shrapnel			0.5	True		False	-1	1	0	20			1	True	True	30	medium_magic	-1	False	False	False	True	1	False	False	True	True
wh2_main_lzd_bastiladon_solar_engine	artillery	artillery_default	wh2_main_lzd_bastiladon_solar_engine	none	1	low	240	10	45	110	30	0	252	108	False	False	0.5	16	200	3	0	0	0	wh2_main_lzd_bastiladon_solar_engine		wh2_solar_engine	0.7	True	wh_dlc06_unit_contact_blinded	False	2	1	0	100			1	True	True	45	large_2	-1	False	False	False	True	1	True	False	True	True
wh2_main_lzd_blowpipe	arrow	small_arm_default		none	1	low	70	0	75	54	10	0	5	2	False	False	0.1	6	45	3.6	0	0	0	wh2_lzd_blowpipe_dart		wh2_dart_normal	-1	False	wh_main_unit_contact_poison	False	-1	1	0	1			0	False	True	50	low	140	False	False	False	False	1	False	False	False	False
wh2_main_lzd_blowpipe_chamelon_skinks	arrow	small_arm_default		none	1	low	80	0	75	56	20	0	9	3	False	False	0.1	6	45	3	0	0	0	wh2_lzd_blowpipe_dart		wh2_dart_normal	-1	False	wh_main_unit_contact_poison	False	-1	1	0	1			0	False	True	50	low	140	False	False	False	False	1	False	False	False	False
wh2_main_lzd_blowpipe_skink_chief	arrow	small_arm_default		none	1	low	100	0	75	60	100	0	115	35	False	False	0.1	4	75	1	0	0	0	wh2_lzd_blowpipe_dart_hero		wh2_dart_normal	-1	False	wh_main_unit_contact_poison	False	-1	1	0	1			0	False	True	50	low	140	False	False	False	False	1	False	False	False	False
wh2_main_lzd_fireleech_bolas_terradon	javelin	small_arm_default	wh2_main_unit_lzd_terradon_fireleech_bola_explosion	chain_shot_spin	1	low	80	0	75	24	10	0	11	4	False	False	0.1	8	45	6	0	0	0	wh2_lzd_terradon_fire_leech_bola		wh2_bolas	-1	False		False	5	1	0	10			1	False	True	50	low	140	False	False	False	False	1	False	False	False	False
wh2_main_lzd_javelin	javelin	small_arm_default		none	1	low	80	0	75	40	10	0	12	4	False	False	0.1	10	50	2.9	0	0	0	wh2_lzd_javelin		wh_javelin	-1	False	wh_main_unit_contact_poison	False	-1	1	0	5			0	False	True	50	low	140	False	False	False	False	1	False	False	False	False
wh2_main_lzd_javelin_mounted	javelin	small_arm_default		none	1	dual_low_fixed	90	0	75	40	10	0	18	8	False	False	0.1	6	50	2.9	0	0	0	wh2_lzd_javelin		wh_javelin	-1	False	wh_main_unit_contact_poison	False	-1	1	0	5			0	False	True	50	low	140	False	False	False	False	1	False	False	False	False
wh2_main_lzd_javelin_terradon	javelin	small_arm_default		none	1	low	90	0	75	45	10	0	27	13	False	False	0.1	6	50	2.9	0	0	0	wh2_lzd_javelin		wh_javelin	-1	False	wh_main_unit_contact_poison	False	-1	1	0	5			0	False	True	50	low	140	False	False	False	False	1	False	False	False	False
wh2_main_lzd_mon_stegadon_crossbow	artillery	artillery_default		none	1	low	360	10	45	95	20	0	100	300	True	False	0.1	12	275	9	0	0	0	wh2_main_lzd_stegadon_bolt		wh2_bolt_thrower_eagle_claw	0.3	True	wh_main_unit_contact_poison	False	-1	1	0	50			0	False	True	45	very_high	600	False	False	False	False	1	True	False	False	True
wh2_main_lzd_mon_stegadon_crossbow_skink_chief	artillery	artillery_default		none	1	low	360	10	45	95	20	0	100	300	True	False	0.1	12	275	9	0	0	0	wh2_main_lzd_stegadon_bolt		wh_bolt_thrower	0.3	True	wh_main_unit_contact_poison	False	-1	1	0	50			0	False	True	45	very_high	600	False	False	False	False	1	True	False	False	True
wh2_main_lzd_mon_stegadon_crossbow_skink_priest	artillery	artillery_default		none	1	low	360	10	45	95	20	0	100	300	True	False	0.1	12	275	9	0	0	0	wh2_main_lzd_stegadon_bolt		wh_bolt_thrower	0.3	True	wh_main_unit_contact_poison	False	-1	1	0	50			0	False	True	45	very_high	600	False	False	False	False	1	True	False	False	True
wh2_main_lzd_mon_stegadon_giant_blowpipe	artillery	artillery_default		none	1	low	115	12	45	65	25	0	41	14	False	False	0.1	7	90	15	0	0	0	wh2_lzd_blowpipe_dart_hero		wh2_dart_normal	-1	False	wh_main_unit_contact_poison	False	-1	1	0	10			0	False	True	45	low	230	False	False	False	False	8	False	False	True	False
wh2_main_lzd_mon_stegadon_giant_blowpipe_skink_chief	artillery	artillery_default		none	1	low	115	12	45	65	25	0	41	14	False	False	0.1	7	90	15	0	0	0	wh2_lzd_blowpipe_dart_hero		wh2_dart_normal	-1	False	wh_main_unit_contact_poison	False	-1	1	0	10			0	False	True	45	low	230	False	False	False	False	8	False	False	True	False
wh2_main_lzd_mon_stegadon_giant_blowpipe_skink_priest	artillery	artillery_default		none	1	low	115	12	45	65	25	0	41	14	False	False	0.1	7	90	15	0	0	0	wh2_lzd_blowpipe_dart_hero		wh2_dart_normal	-1	False	wh_main_unit_contact_poison	False	-1	1	0	10			0	False	True	45	low	230	False	False	False	False	8	False	False	True	False
wh2_main_skv_death_globe	artillery	artillery_explosive	wh2_main_skv_death_globe	grenade_spin	1	dual_low_fixed	85	4	88	30	10	0	6	16	False	False	0.1	10	60	8	0	0	0	wh2_main_skv_death_globe		wh2_main_skv_death_globe	-1	False		False	6.5	1	0	10			0	True	True	30	very_low	120	False	True	False	False	1	False	False	False	False
wh2_main_skv_doomwheel_warp_lightning	artillery	artillery_explosive	wh2_main_skv_doomwheel_warp_lightning	none	1	low	60	0	80	100	10	0	20	45	False	False	0.1	12	50	5	0	0	0	wh2_main_skv_warp_lightning_doomwheel		wh2_main_skv_doomwheel_warp_lightning	0.2	True		False	6	1	0	200			0	True	True	45	medium	100	False	False	False	False	1	False	False	False	True
wh2_main_skv_plagueclaw	artillery	artillery_default	wh2_main_skv_plagueclaw	axe_spin	1	low	400	35	60	67	10	0	45	105	False	False	0.2	18	600	150	0	0	0	wh2_main_skv_plagueclaw		wh2_catapult_plagueclaw	0.6	True	wh2_main_unit_contact_plague_monk_censer_morale	False	-1	1	0	50			0	True	True	45	high	700	False	False	False	False	1	False	False	True	True
wh2_main_skv_poison_wind_globe	artillery	artillery_default		grenade_spin	1	dual_low_fixed	85	4	88	30	10	0	4	36	False	False	0.1	13	60	8	0	0	32	wh2_main_skv_poison_wind_globe		wh2_main_skv_poison_wind_globe	-1	False		False	6.5	1	0	10			0	True	True	30	very_low	120	False	True	False	False	1	False	False	False	False
wh2_main_skv_sling	sling	small_arm_default		grenade_spin	1	dual_low_fixed	120	0	88	50	10	0	7	1	False	False	0.1	9	85	4.8	0	0	0	wh2_main_skv_sling_bullet		wh2_slingshot_rock_small	-1	False		False	-1	1	0	1			0	False	True	50	very_low	300	False	False	False	False	1	False	False	False	False
wh2_main_skv_sling_gutter_runners	sling	small_arm_default		grenade_spin	1	dual_low_fixed	140	0	88	50	15	0	12	2	False	False	0.1	8	85	3.8	0	0	0	wh2_main_skv_sling_bullet		wh2_slingshot_rock_small	-1	False		False	-1	1	0	1			0	False	True	50	very_low	300	False	False	False	False	1	False	False	False	False
wh2_main_skv_sling_gutter_runners_poison	sling	small_arm_default		grenade_spin	1	dual_low_fixed	140	0	88	50	15	0	12	2	False	False	0.1	8	85	3.8	0	0	0	wh2_main_skv_sling_bullet_poison		wh2_slingshot_rock_small	-1	False	wh_main_unit_contact_poison	False	-1	1	0	1			0	False	True	50	very_low	300	False	False	False	False	1	False	False	False	False
wh2_main_skv_sling_night_runners	sling	small_arm_default		grenade_spin	1	dual_low_fixed	140	0	88	50	15	0	10	1	False	False	0.1	8	85	4	0	0	0	wh2_main_skv_sling_bullet		wh2_slingshot_rock_small	-1	False		False	-1	1	0	1			0	False	True	50	very_low	300	False	False	False	False	1	False	False	False	False
wh2_main_skv_throwing_star	musket	small_arm_default		chain_shot_spin	1	low	70	0	88	48	10	0	10	2	False	False	0.1	7	40	1.8	0	0	0	wh2_main_skv_throwing_star		wh_throwing_axe	-1	False		False	-1	1	0	1			0	False	True	45	very_low	200	False	False	False	False	1	False	False	False	False
wh2_main_skv_throwing_star_gutter_runners	musket	small_arm_default		chain_shot_spin	1	low	70	0	88	48	10	0	11	3	False	False	0.1	7	50	1.8	0	0	0	wh2_main_skv_throwing_star		wh_throwing_axe	-1	False		False	-1	1	0	1			0	False	True	45	very_low	200	False	False	False	False	1	False	False	False	False
wh2_main_skv_throwing_star_gutter_runners_poison	musket	small_arm_default		chain_shot_spin	1	low	70	0	88	48	10	0	11	3	False	False	0.1	7	50	1.8	0	0	0	wh2_main_skv_throwing_star_poison		wh_throwing_axe	-1	False	wh_main_unit_contact_poison	False	-1	1	0	1			0	False	True	45	very_low	200	False	False	False	False	1	False	False	False	False
wh2_main_skv_warlock_doomrocket	artillery	artillery_explosive	wh2_main_skv_warlock_doomrocket	none	1	low	200	20	65	72	10	0	70	30	False	False	0.25	17	200	10	0	0	0	wh2_main_hero_abilities_doomrocket		wh_helstorm_rocket	1	True		False	-1	1	0	1			0	False	True	45	low	800	False	True	False	False	1	False	False	True	True
wh2_main_skv_warp_lightning	artillery	artillery_default	wh2_main_skv_warp_lightning	none	1	low	430	10	50	110	30	0	80	260	False	False	0.1	21	275	9	0	0	70	wh2_main_skv_warp_lightning		wh2_main_skv_warp_lightning_cannon	0.4	True		False	6	1	0	300			0	True	True	45	very_high_low_entity	600	False	False	False	False	1	False	False	True	True
wh2_main_skv_warpfire	musket	artillery_flammable	wh2_main_skv_warpfire	none	1	low	80	0	55	30	10	0	8	3	False	False	1	14	40	1.7	0	0	0	wh2_main_skv_warpfire		wh2_warpfiregun_flame	-1	False	wh_main_unit_contact_morale	False	3	4	0.35	40			1	True	True	45	low	85	True	True	False	False	1	False	False	False	False
wh2_main_spell_dark_magic_doombolt	artillery	artillery_explosive	wh2_main_spell_dark_magic_doombolt	shell_spin	1	low	300	25	50	85	30	0	0	672	False	False	1	1	75	0.1	0	0	0	wh2_main_spell_dark_magic_doombolt		wh_magic_dark_magic_doombolt	1	True		False	0.85	1	0	250	wh2_main_army_abilities_bolt_of_spite		0	True	True	45	very_low_magic	-1	False	False	False	True	1	False	False	True	True
wh2_main_spell_dark_magic_doombolt_upgraded	artillery	artillery_explosive	wh2_main_spell_dark_magic_doombolt	shell_spin	1	low	300	25	50	85	30	0	0	1008	False	False	2	1	75	0.1	0	0	0	wh2_main_spell_dark_magic_doombolt		wh_magic_dark_magic_doombolt	2	True		False	0.85	1	0	250	wh2_main_army_abilities_bolt_of_spite		0	True	True	45	very_low_magic	-1	False	False	False	True	1	False	False	True	True
wh2_main_spell_high_magic_soul_quench	arrow	artillery_explosive	wh2_main_spell_high_magic_soul_quench	shell_spin	1	low	300	10	88	60	30	0	475	200	False	False	1	1	250	1	0	0	0	wh2_main_spell_high_magic_soul_quench		wh2_main_spell_high_magic_soul_quench	1	True	wh2_main_unit_contact_souls	False	1	1	0	250	wh_main_spell_fire_fireball		0	True	True	30	medium_magic	500	False	False	False	True	1	False	False	True	True
wh2_main_spell_high_magic_soul_quench_upgraded	arrow	artillery_explosive	wh2_main_spell_high_magic_soul_quench	shell_spin	1	low	300	10	88	60	30	0	800	348	False	False	1.5	1	250	1	0	0	0	wh2_main_spell_high_magic_soul_quench		wh2_main_spell_high_magic_soul_quench	1.5	True	wh2_main_unit_contact_souls	False	1	1	0	300	wh_main_spell_fire_fireball		0	True	True	30	medium_magic	500	False	False	False	True	1	False	False	True	True
wh2_main_spell_plague_the_dreaded_thirteenth_spell	artillery	artillery_explosive	wh2_main_spell_plague_the_dreaded_thirteenth_spell	none	1	low	10	10	5	-1	5	0	0	0	False	True	0.3	27	2	6	0	0	0				1.2	True		False	-1	1	0	10			0	False	False	45		-1	False	False	False	False	1	False	False	False	True
wh2_main_spell_plague_the_dreaded_thirteenth_spell_shrapnel	artillery	artillery_default	wh2_main_spell_plague_the_dreaded_thirteenth_spell_shrapnel	shell_spin	1	high	200	20	88	45	100	3	0	264	False	True	0.5	23	100	30	0	0	0	wh2_main_hero_abilities_doomrocket_shrapnel		wh2_main_spell_plague_dreaded_thirteenth_spell_shrapnel	0.5	True		False	-1	1	0	10			1	True	True	75	medium_magic	50	False	False	False	True	1	False	False	True	True
wh2_main_spell_plague_vermintide	artillery	artillery_explosive	wh2_main_spell_plague_vermintide	none	1	low	10	10	5	-1	5	0	0	0	False	True	0.3	27	2	6	0	0	0				1.2	True		False	-1	1	0	10			0	False	False	45		-1	False	False	False	False	1	False	False	False	False
wh2_main_spell_ruin_warp_lightning	artillery	artillery_explosive	wh2_main_spell_ruin_warp_lightning	none	1	low	200	25	50	120	30	0	0	224	False	False	1.5	1	250	1	0	0	0	wh2_main_spell_ruin_warp_lightning		wh_magic_ruin_warp_lightning	1.5	True		False	0.8	1	0	100			0	True	True	45	high_magic	-1	False	False	False	False	1	False	False	False	True
wh2_main_unit_abilities_drop_rocks	artillery	artillery_default	wh2_main_unit_abilities_drop_rocks	shell_spin	1	low	20	0	88	15	0	5	80	30	False	False	0.5	1	250	10	0	0	0	wh2_main_unit_abilities_drop_rocks		wh2_Terradon_Bomb	1.5	False		False	10	1	0	25			1	False	False	45	very_low_magic	-1	False	True	False	True	1	False	False	False	False
wh2_main_unit_abilities_wake_of_fire	artillery	artillery_explosive	wh2_main_unit_abilities_wake_of_fire	none	1	low	10	10	5	-1	5	0	70	70	False	True	0.3	27	2	6	0	0	0	wh2_main_unit_abilities_wake_of_fire		wh2_main_ability_wake_of_fire	1.2	True		False	-1	1	0	10			0	False	False	45		-1	False	False	False	False	1	False	False	True	True
wh2_main_vmp_terrorgheist_dragon_breath	artillery	artillery_explosive	wh2_main_vmp_terrorgheist_breath_explosion	none	1	low	80	0	88	45	60	0	58	172	False	False	1	6	80	10	0	0	0	wh2_vmp_terrorgheist_dragon_breath		wh_dragon_breath_flame	1	True		False	2	1	0	45			0	True	True	45	medium	140	False	True	False	True	4	True	True	True	False
wh2_main_vmp_zombie_dragon_breath	artillery	artillery_explosive	wh2_main_vmp_zombie_dragon_explosion	none	1	low	90	0	88	42	60	0	73	27	False	False	1	6	80	33	0	0	0	wh2_vmp_zombie_dragon_breath		wh2_dragon_breath_dark	1	False		False	3	1	0	45			0	False	True	45	medium	140	False	True	False	True	15	True	True	True	False
wh2_main_weapon_abilities_bow_of_the_seafarer	arrow	small_arm_default	wh2_main_weapon_abilities_bow_of_the_seafarer	none	3	fixed	350	50	65	100	100	15	0	75	False	False	0.2	20	150	0.1	0	0	0	wh2_main_weapon_abilities_bow_of_the_seafarer		wh2_main_ability_bow_of_the_seafarer	2	False		False	20	1	0	300	wh_dlc05_spell_arrow_of_kurnous		0	False	True	30	high_magic	500	False	False	False	False	1	False	False	False	False
wh2_main_weapon_bound_reaver_bow	arrow	small_arm_default	wh2_main_weapon_bound_reaver_bow	none	10	dual_low_fixed	200	50	88	45	100	5	1	0	False	False	0.1	11	250	2	0	0	0	wh2_main_weapon_bound_reaver_bow		wh_bow_arrow_normal	-1	True		False	-1	1	0	1			0	False	True	45	medium	-1	False	False	False	False	1	False	False	False	True
wh2_main_wef_forest_dragon_breath	artillery	artillery_explosive	wh2_main_wef_forest_dragon_explosion	none	1	low	90	0	88	42	60	0	63	27	False	False	1	6	80	33	0	0	0	wh2_wef_forest_dragon_breath		wh2_dragon_breath_poison	1	True		False	3	1	0	45			0	False	True	45	medium	140	False	True	False	True	15	True	True	True	True
wh2_nor_throwing_axe	axe	small_arm_default		axe_spin	1	dual_low_fixed	70	0	60	32	10	0	6	21	False	False	0.12	8	40	2	0	0	0	wh_chs_throwing_axe		wh_throwing_axe	-1	False	wh2_dlc09_unit_contact_shieldbreaker	False	-1	1	0	5			0	False	True	50	low	140	False	False	False	False	1	False	False	False	False
wh2_tmb_skeleton_arrow	arrow	small_arm_default		none	1	dual_low_fixed	140	0	88	45	10	0	10	1	False	False	0.1	8	110	4.6	0	0	0	wh2_dlc09_tmb_arrow		wh_bow_arrow_normal	-1	False		False	-1	1	0	3			0	False	True	45	very_low	300	False	False	False	False	1	False	False	False	False
wh2_tmb_skeleton_arrow_chariot	arrow	small_arm_default		none	1	dual_low_fixed	140	0	88	50	20	0	16	10	False	False	0.1	6	120	4	0	0	0	wh2_dlc09_tmb_arrow		wh_bow_arrow_normal	-1	False		False	-1	1	0	3			0	False	True	45	very_low	300	False	False	False	False	1	False	False	False	False
wh2_tmb_skeleton_arrow_mounted	arrow	small_arm_default		none	1	dual_low_fixed	140	0	88	45	10	0	14	3	False	False	0.1	11	85	3.4	0	0	0	wh2_dlc09_tmb_arrow		wh_bow_arrow_normal	-1	False		False	-1	1	0	3			0	False	True	45	very_low	250	False	False	False	False	1	False	False	False	False
wh2_tmb_skeleton_arrow_ror	arrow	small_arm_default		none	1	dual_low_fixed	160	0	88	45	30	0	10	1	False	False	0.1	8	110	3.5	0	0	0	wh2_dlc09_tmb_arrow		wh_bow_arrow_normal	-1	False	wh_dlc06_unit_contact_sundered_armour	False	-1	1	0	3			0	False	True	45	very_low	300	False	False	False	False	1	False	False	False	False
wh2_tmb_ushabti_bolt	artillery	artillery_default		none	1	low	255	0	88	70	20	0	18	104	False	False	0.1	11	212	6	0	0	0	wh_tmb_ushabti_arrow		wh2_ushabti_bolt	-1	True		False	-1	1	0	20			0	False	True	45	low	700	False	False	False	False	1	False	False	False	True
wh2_tmb_ushabti_shrapnel	arrow	small_arm_default		none	1	dual_low_fixed	115	0	88	50	20	0	26	20	False	False	0.1	7	120	6	0	0	0	wh2_main_hef_bow_arrow		wh_bow_arrow_normal	-1	False	wh2_dlc09_unit_contact_shieldbreaker	False	-1	1	0	10			0	True	True	45	very_low	300	False	False	False	False	1	False	False	False	False
wh2_tower_def_bolt_1	arrow	small_arm_default		none	1	dual_low_fixed	450	0	88	67	10	1.25	150	75	False	False	0.1	20	225	75	0	0	0	wh2_main_def_reaper_bolt		wh2_bolt_thrower_eagle_claw	-1	True		False	-1	3	1	1			0	False	True	45	low	-1	False	False	False	False	1	False	False	False	True
wh2_tower_def_bolt_2	arrow	small_arm_default		none	1	dual_low_fixed	450	0	88	67	10	1.25	165	85	False	False	0.1	20	225	75	0	0	0	wh2_main_def_reaper_bolt		wh2_bolt_thrower_eagle_claw	-1	True		False	-1	3	1	1			0	False	True	45	low	-1	False	False	False	False	1	False	False	False	True
wh2_tower_def_magic_missile_1	fireball	artillery_explosive	wh2_main_tower_def_fireball_explosion_1	shell_spin	1	low	450	0	88	67	10	0	600	100	False	False	1	22	225	120	0	0	0	wh_main_spell_fire_fireball		wh_magic_fireball	1	True		False	-1	1	0	200			1	True	True	45	high_magic	-1	False	False	False	False	1	False	False	True	True
wh2_tower_def_magic_missile_2	fireball	artillery_explosive	wh2_main_tower_def_fireball_explosion_2	shell_spin	1	low	450	0	88	67	10	0	750	100	False	False	1	22	225	120	0	0	0	wh_main_spell_fire_fireball		wh_magic_fireball	1	True		False	-1	1	0	200			1	True	True	45	high_magic	-1	False	False	False	False	1	False	False	True	True
wh2_tower_hef_bolt_1	arrow	small_arm_default		none	1	dual_low_fixed	450	0	88	67	10	1.25	150	75	False	False	0.1	20	225	75	0	0	0	wh2_main_eagleclaw_bolt		wh2_bolt_thrower_eagle_claw	-1	True		False	-1	3	1	1			0	False	True	45	low	-1	False	False	False	False	1	False	False	False	True
wh2_tower_hef_bolt_2	arrow	small_arm_default		none	1	dual_low_fixed	450	0	88	67	10	1.25	165	85	False	False	0.1	20	225	75	0	0	0	wh2_main_eagleclaw_bolt		wh2_bolt_thrower_eagle_claw	-1	True		False	-1	3	1	1			0	False	True	45	low	-1	False	False	False	False	1	False	False	False	True
wh2_tower_hef_magic_missile_1	artillery	artillery_explosive	wh2_main_tower_hef_quench_explosion_1	shell_spin	1	low	450	0	88	67	10	0	600	100	False	False	1	22	225	120	0	0	0	wh2_main_spell_high_magic_soul_quench		wh2_main_spell_high_magic_soul_quench	1	True		False	-1	1	0	200			0	True	True	45	medium	-1	False	False	False	False	1	False	False	True	True
wh2_tower_hef_magic_missile_2	artillery	artillery_explosive	wh2_main_tower_hef_quench_explosion_2	shell_spin	1	low	450	0	88	67	10	0	750	100	False	False	1	22	225	120	0	0	0	wh2_main_spell_high_magic_soul_quench		wh2_main_spell_high_magic_soul_quench	1	True		False	-1	1	0	200			0	True	True	45	medium	-1	False	False	False	False	1	False	False	True	True
wh2_tower_lzd_bolt_1	arrow	small_arm_default		none	1	dual_low_fixed	450	0	88	67	10	1.25	150	75	False	False	0.1	20	225	75	0	0	0	wh2_main_lzd_stegadon_bolt		wh_bow_arrow_normal	-1	True		False	-1	3	1	1			0	False	True	45	low	-1	False	False	False	False	1	False	False	False	True
wh2_tower_lzd_bolt_2	arrow	small_arm_default		none	1	dual_low_fixed	450	0	88	67	10	1.25	165	85	False	False	0.1	20	225	75	0	0	0	wh2_main_lzd_stegadon_bolt		wh_bow_arrow_normal	-1	True		False	-1	3	1	1			0	False	True	45	low	-1	False	False	False	False	1	False	False	False	True
wh2_tower_lzd_magic_missile	artillery	artillery_default	wh2_main_tower_lzd_shems_explosion_1	none	1	low	450	0	88	67	10	0	600	100	False	False	0.36	22	225	1	0	0	0	wh_main_spell_light_shems_burning_gaze		wh_magic_burning_gaze	0.25	True		False	0.9	1	0	1			0	True	True	45	high	-1	False	False	False	False	1	False	False	True	True
wh2_tower_lzd_solar_engine_beam	artillery	artillery_default	wh2_main_tower_lzd_solar_explosion	none	1	low	450	0	45	110	40	0	750	100	False	False	0.5	22	150	2	0	0	0	wh2_main_lzd_bastiladon_solar_engine		wh2_solar_engine	0.7	True	wh_dlc06_unit_contact_blinded	False	2	1	0	100			1	True	True	45	large_2	-1	False	False	False	True	1	False	False	True	True
wh2_tower_skv_doomrocket	artillery	artillery_default	wh2_main_tower_skv_doomrocket	none	1	low	450	0	88	67	10	0	750	100	False	False	0.1	22	225	10	0	0	0	wh2_main_hero_abilities_doomrocket		wh2_main_ability_doomrocket	1	True		False	-1	1	0	1			0	False	True	45	low	800	False	True	False	False	1	False	False	True	True
wh2_tower_skv_sniper_bullet_1	arrow	small_arm_default		none	1	dual_low_fixed	450	0	88	67	10	1.25	150	75	False	False	0.1	20	225	75	0	0	0	wh_emp_rifle_bullet_tower		wh2_skv_sniper_bullet	-1	True		False	-1	3	1	1			0	False	True	45	low	-1	False	False	False	False	1	False	False	False	True
wh2_tower_skv_sniper_bullet_2	arrow	small_arm_default		none	1	dual_low_fixed	450	0	88	67	10	1.25	165	85	False	False	0.1	20	225	75	0	0	0	wh_emp_rifle_bullet_tower		wh2_skv_sniper_bullet	-1	True		False	-1	3	1	1			0	False	True	45	low	-1	False	False	False	False	1	False	False	False	True
wh2_tower_skv_warp_lightning	artillery	artillery_default	wh2_main_tower_skv_warp_lightning	none	1	low	450	0	80	110	20	0	600	100	False	False	0.1	22	275	10	0	0	70	wh2_main_skv_warp_lightning		wh2_main_skv_warp_lightning_cannon	0.4	True		False	6	1	0	300			0	True	True	45	very_high_low_entity	600	False	False	False	False	1	False	False	True	True
wh_brt_arrow_horse	arrow	small_arm_default		none	1	dual_low_fixed	125	0	88	45	10	0	16	3	False	False	0.1	11	90	4	0	0	0	wh_brt_longbow_arrow		wh_bow_arrow_normal	-1	False		False	-1	1	0	3			0	False	True	45	very_low	250	False	False	False	False	1	False	False	False	False
wh_brt_arrow_horse_pox	arrow	small_arm_default		none	1	dual_low_fixed	125	0	88	45	10	0	16	3	False	False	0.1	11	90	4	0	0	0	wh_brt_longbow_arrow_pox		wh_bow_arrow_magical	-1	False	wh_main_unit_contact_poison	False	-1	1	0	3			0	False	True	45	very_low	300	False	False	False	False	1	False	False	False	False
wh_brt_longbow_arrow	arrow	small_arm_default		none	1	dual_low_fixed	160	0	88	45	10	0	16	3	False	False	0.1	11	120	5.9	0	0	0	wh_brt_longbow_arrow		wh_bow_arrow_normal	-1	False		False	-1	1	0	3			0	False	True	45	very_low	300	False	False	False	False	1	False	False	False	False
wh_brt_longbow_arrow_fire	arrow	small_arm_flaming		none	1	dual_low_fixed	160	0	88	45	10	0	21	2	False	False	0.1	11	120	5.9	0	0	0	wh_brt_longbow_arrow_fire		wh_bow_arrow_flaming	-1	False		False	-1	1	0	3			1	False	True	45	very_low	300	False	False	False	False	1	False	False	False	False
wh_brt_longbow_arrow_pox	arrow	small_arm_poison		none	1	dual_low_fixed	160	0	88	45	10	0	16	3	False	False	0.1	11	120	5.9	0	0	0	wh_brt_longbow_arrow_pox		wh_bow_arrow_magical	-1	False	wh_main_unit_contact_poison	False	-1	1	0	3			0	False	True	45	very_low	300	False	False	False	False	1	False	False	False	False
wh_brt_trebuchet_stone	artillery	artillery_default	wh_main_brt_trebuchet_stone_explosion	axe_spin	1	dual_low_fixed	440	50	60	70	10	0	40	145	False	False	0.2	20	340	90	0	0	0	wh_brt_trebuchet_stone		wh_catapult_rock_normal	0.5	True		False	-1	1	0	120			0	False	True	52	high	700	False	False	False	False	1	False	False	True	True
wh_chs_hellcannon_blast	artillery	artillery_default	wh_main_chs_hellcannon	none	1	fixed	420	35	60	72	20	0	72	262	False	False	0.2	12	275	19	0	0	0	wh_chs_hellcannon_blast	wh_main_unit_contact_overhead_morale	wh_hell_cannon_soul	1.3	True		False	-1	1	0	150	wh_chs_hellcannon	hellcannon	0	True	True	30	low	700	False	False	False	True	1	False	False	True	True
wh_chs_javelin	javelin	small_arm_default		none	1	dual_low_fixed	80	0	75	46	10	0	15	7	False	False	0.1	9	50	2.3	0	0	0	wh_chs_javelin		wh_javelin	-1	False		False	-1	1	0	1			0	False	True	50	low	140	False	False	False	False	1	False	False	False	False
wh_chs_javelin_heavy	javelin	small_arm_default		none	1	dual_low_fixed	90	0	75	46	20	0	18	8	False	False	0.1	8	55	2.3	0	0	0	wh_chs_javelin		wh_javelin	-1	False		False	-1	1	0	1			0	False	True	50	low	150	False	False	False	False	1	False	False	False	False
wh_chs_throwing_axe	axe	small_arm_default		axe_spin	1	dual_low_fixed	70	0	60	32	10	0	6	21	False	False	0.12	10	40	2	0	0	0	wh_chs_throwing_axe		wh_throwing_axe	-1	False		False	-1	1	0	3			0	False	True	50	low	140	False	False	False	False	1	False	False	False	False
wh_dlc03_bst_centigor_throwing_axe	axe	small_arm_default		axe_spin	1	dual_low_fixed	70	0	60	32	10	0	6	22	False	False	0.12	10	35	2	0	0	0	wh_dlc03_bst_centigor_throwing_axe		wh_throwing_axe	-1	False		False	-1	1	0	3			0	False	True	50	low	140	False	False	False	False	1	False	False	False	False
wh_dlc03_bst_cygor_boulder	artillery	artillery_default	wh_dlc03_bst_cygor_boulder_explosion	shell_spin	1	low	400	10	60	68	20	0	84	336	False	False	2	15	320	55	0	0	0	wh_bst_cygor_boulder		wh_catapult_rock_normal	2.5	True		False	-1	1	0	300			0	False	True	45	medium	700	False	False	False	False	1	False	False	True	True
wh_dlc03_bst_cygor_boulder_boss	artillery	artillery_default	wh_dlc03_bst_cygor_boulder_explosion_boss	shell_spin	1	low	400	10	60	68	20	0	50	281	False	False	2	5	320	60	0	0	0	wh_bst_cygor_boulder		wh_catapult_rock_normal	2.5	True		False	-1	1	0	300			0	False	True	45	medium	700	False	False	False	False	1	False	False	False	False
wh_dlc03_bst_cygor_boulder_boss_split	grenade	explosives	wh_dlc03_bst_cygor_boulder_explosion_boss_minor	grenade_spin	1	dual_low_fixed	22	5	88	20	20	10	50	0	False	False	2	15	320	60	0	0	0	wh_bst_cygor_boulder		wh_rock_split	2.5	True		False	15	1	0	30			0	False	True	55	medium	700	False	False	False	False	1	False	False	False	False
wh_dlc03_bst_cygor_boulder_boss_split_split	grenade	explosives	wh_dlc03_bst_cygor_boulder_explosion_boss_minor_minor	grenade_spin	1	dual_low_fixed	22	5	88	30	20	10	50	0	False	False	2	15	320	60	0	0	0	wh_bst_cygor_boulder		wh_rock_split_split	2.5	True		False	20	1	0	45			0	False	True	55	medium	700	False	False	False	False	1	False	False	False	False
wh_dlc03_bst_hunting_spear	artillery	artillery_default		none	1	low	250	25	90	100	10	0	0	540	False	False	0.1	1	250	1	0	0	0	wh_dlc03_amber_spear		wh_magic_amber_spear	1	True		False	5	1	0	180	wh_dlc03_spell_beasts_amber_spear		0	False	True	45	very_high	-1	False	False	False	False	1	False	False	False	True
wh_dlc03_bst_ungor_arrow	arrow	small_arm_default		none	1	dual_low_fixed	115	0	88	40	10	0	12	1	False	False	0.1	8	50	1	0	0	0	wh_bst_ungor_arrow		wh_bow_arrow_normal	-1	False		False	-1	1	0	1			0	False	True	45	very_low	-1	False	False	False	False	1	False	False	False	False
wh_dlc03_spell_beasts_the_amber_spear	artillery	artillery_default	wh_dlc03_spell_beast_the_amber_spear	shell_spin	1	low	200	10	88	75	10	0	150	350	False	False	1	3	100	0.1	0	0	0	wh_dlc03_amber_spear		wh_magic_amber_spear	1	False		False	1	1	0	250	wh_dlc03_spell_beasts_amber_spear		0	True	True	45	high_magic	-1	False	True	False	True	1	False	False	True	False
wh_dlc03_spell_beasts_the_amber_spear_upgraded	artillery	artillery_default	wh_dlc03_spell_beast_the_amber_spear_upgraded	shell_spin	1	low	200	10	88	75	10	0	300	700	False	False	1	3	100	0.1	0	0	0	wh_dlc03_amber_spear		wh_magic_amber_spear	2	False		False	1	1	0	250	wh_dlc03_spell_beasts_amber_spear		0	True	True	45	high_magic	-1	False	True	False	True	1	False	False	True	False
wh_dlc04_emp_free_company_pistol_bullet	musket	small_arm_default		none	1	low	90	0	45	90	10	0	12	2	False	False	0.05	9	65	2	0	0	0	wh_emp_rifle_bullet		wh_bullet	-1	False		False	-1	1	0	1			0	False	True	45	low	200	False	False	False	False	1	False	False	False	False
wh_dlc04_emp_great_cannon_ball_hammer_witches	artillery	artillery_default		none	1	low	450	10	40	100	20	0	145	435	True	False	0.1	22	275	8.5	0	0	0	wh_emp_cannon_ball		wh_cannon_cannonball_normal	0.3	True		False	-1	1	0	350			0	True	True	45	very_high_low_entity	700	False	False	True	False	1	False	False	True	True
wh_dlc04_emp_rifle_bullet_silver_bullets	musket	small_arm_default		none	1	low	150	0	88	100	10	0	4	18	False	False	0.05	13	100	1.7	0	0	0	wh_emp_rifle_bullet		wh_bullet	-1	False		False	-1	1	0	5			0	True	True	45	very_low	300	False	False	False	False	1	False	False	False	False
wh_dlc04_emp_stirlands_pistol_bullet	musket	small_arm_default		none	1	low	90	0	45	90	10	0	2	14	False	False	0.05	9	60	2	0	0	0	wh_emp_rifle_bullet		wh_bullet	-1	False		False	-1	1	0	1			0	False	True	45	low	200	False	False	False	False	1	False	False	False	False
wh_dlc04_emp_sunmaker_rocket	artillery	artillery_explosive	wh_main_emp_rocket_explosion	none	1	low	480	40	65	72	10	0	30	70	False	False	0.25	25	300	250	0	0	0	wh_emp_sunmaker_rocket		wh_helstorm_rocket	0.4	True		False	-1	1	0	1			15	False	True	45	low	800	False	False	False	False	9	False	False	False	True
wh_dlc05_wef_arrow_of_kurnous	arrow	small_arm_default	wh_dlc05_wef_arrow_of_kurnous	none	3	fixed	600	5	65	100	100	15	80	80	False	False	1	20	300	0.1	0	0	0	wh_dlc05_wef_arrow_of_kurnous		wh_dlc05_weapon_abilities_arrow_of_kurnous	0.5	False		False	20	1	0	300	wh_dlc05_spell_arrow_of_kurnous		0	False	True	30	very_high_magic	750	False	False	False	False	1	False	False	False	False
wh_dlc05_wef_bow_of_loren	arrow	small_arm_flaming		none	1	low	180	0	88	65	100	5	0	24	False	False	1.5	1	250	1	0	0	0	wh_dlc05_wef_bow_of_loren		wh_dlc05_ability_the_bow_of_loren	3	True		False	20	1	0	3			0	False	True	45	medium	-1	False	False	False	False	1	False	False	False	True
wh_dlc05_wef_cha_trueflight_arrow	arrow	small_arm_default		none	1	dual_low_fixed	190	0	88	60	100	0	196	84	False	False	0.2	8	80	0.2	0	0	0	wh_dlc05_wef_trueflight_arrow		wh_bow_arrow_normal	-1	False		False	-1	1	0	8	wh_dlc05_wef_trueflight_arrow		0	True	True	45	medium	300	False	False	False	True	1	False	False	False	False
wh_dlc05_wef_hagbane_arrow	arrow	small_arm_poison		none	1	dual_low_fixed	170	0	88	45	10	0	18	4	False	False	0.1	11	120	3.1	0	0	0	wh_dlc05_wef_hagbane_arrow		wh_bow_arrow_magical	-1	False	wh_main_unit_contact_poison	False	-1	1	0	3			0	False	True	45	very_low	300	False	False	False	True	1	False	False	False	False
wh_dlc05_wef_hagbane_arrow_mounted	arrow	small_arm_poison		none	1	dual_low_fixed	150	0	88	45	10	0	18	4	False	False	0.1	11	100	2.6	0	0	0	wh_dlc05_wef_hagbane_arrow		wh_bow_arrow_magical	-1	False	wh_main_unit_contact_poison	False	-1	1	0	3			0	False	True	45	very_low	300	False	False	False	True	1	False	False	False	False
wh_dlc05_wef_hail_of_doom_arrow	arrow	small_arm_default	wh_dlc05_item_abilities_hail_of_doom_arrow	none	10	dual_low_fixed	200	50	88	45	100	5	1	0	False	False	0.1	11	250	2	0	0	0	wh_dlc05_wef_hail_of_doom_arrow		wh_bow_arrow_normal	-1	True		False	-1	1	0	1			0	False	True	45	medium	-1	False	False	False	False	1	False	False	False	True
wh_dlc05_wef_hawk_rider_arrow	arrow	small_arm_default		none	1	dual_low_fixed	140	0	88	45	10	0	19	8	False	False	0.1	7	70	1.5	0	0	0	wh_dlc05_wef_trueflight_arrow		wh_bow_arrow_magical	-1	False		False	-1	1	0	3			0	False	True	45	very_low	300	False	False	False	True	1	False	False	False	False
wh_dlc05_wef_hawks_talon	arrow	small_arm_flaming		none	1	low	180	0	88	65	100	5	0	72	False	False	0.5	1	250	1	0	0	0	wh_dlc05_wef_hawks_talon		wh_dlc05_ability_the_bow_of_loren	1	True		False	20	1	0	3			0	False	True	45	medium	-1	False	False	False	False	1	False	False	False	True
wh_dlc05_wef_javelin	javelin	small_arm_default		none	1	dual_low_fixed	90	0	75	44	10	0	20	10	False	False	0.1	8	55	2.3	0	0	0	wh_chs_javelin		wh_javelin	-1	False	wh_main_unit_contact_poison	False	-1	1	0	1			0	False	True	50	low	140	False	False	False	False	1	False	False	False	False
wh_dlc05_wef_lamentation_of_despair	musket	small_arm_default	wh_dlc05_weapon_abilities_lamentation_of_despair	none	8	low	80	10	88	30	100	7	85	15	False	False	1	11	55	1	0	0	0	wh_dlc05_wef_lamentation_of_despair		wh_bow_arrow_normal	2	True		False	0.5	1	0	8			0	False	True	45	very_low	150	False	False	False	False	1	False	False	False	True
wh_dlc05_wef_orion_arrow	arrow	small_arm_default		none	1	dual_low_fixed	125	0	88	40	10	0	18	5	False	False	0.1	11	30	1	0	0	0	wh_wef_orion_arrow		wh_bow_arrow_normal	-1	False		False	-1	1	0	1			0	False	True	45	very_low	-1	False	False	False	False	1	False	False	False	False
wh_dlc05_wef_orion_spear	artillery	artillery_default		none	1	low	140	0	60	90	100	0	70	250	False	False	0.1	8	70	1	0	0	0	wh_wef_orion_spear		wh_bolt_thrower	0.001	False		False	-1	1	0	50	wh_dlc05_wef_orion_spear		0	False	True	45	very_high_low_entity	700	False	False	False	False	1	False	False	True	False
wh_dlc05_wef_scout_arrow	arrow	small_arm_default		none	1	dual_low_fixed	180	0	88	45	10	0	18	4	False	False	0.1	11	120	4.5	0	0	0	wh_dlc05_wef_glade_guard_arrow		wh_bow_arrow_magical	-1	False		False	-1	1	0	3			0	False	True	45	very_low	300	False	False	False	True	1	False	False	False	False
wh_dlc05_wef_spear_of_kurnous	artillery	artillery_default		none	1	low	200	10	88	75	10	0	0	338	False	False	0.1	1	250	1	0	0	0	wh_dlc05_wef_arrow_of_kurnous		wh_magic_amber_spear	1	True	wh_dlc06_unit_contact_blinded	False	2	1	0	180	wh_dlc03_spell_beasts_amber_spear		0	False	True	45	high_magic	-1	False	False	False	True	1	False	False	True	True
wh_dlc05_wef_standard_arrow	arrow	small_arm_default		none	1	dual_low_fixed	170	0	88	45	10	0	18	4	False	False	0.1	11	120	3.1	0	0	0	wh_dlc05_wef_glade_guard_arrow		wh_bow_arrow_magical	-1	False		False	-1	1	0	3			0	False	True	45	very_low	300	False	False	False	True	1	False	False	False	False
wh_dlc05_wef_standard_arrow_mounted	arrow	small_arm_default		none	1	dual_low_fixed	150	0	88	45	10	0	18	4	False	False	0.1	11	100	2.6	0	0	0	wh_dlc05_wef_glade_guard_arrow		wh_bow_arrow_magical	-1	False		False	-1	1	0	3			0	False	True	45	very_low	300	False	False	False	True	1	False	False	False	False
wh_dlc05_wef_starfire_arrow	arrow	small_arm_flaming		none	1	dual_low_fixed	170	0	88	55	10	0	2	16	False	False	0.1	11	120	3.4	0	0	0	wh_dlc05_wef_starfire_arrow		wh_bow_arrow_magical	-1	False		False	-1	1	0	4			1	False	True	35	very_low	300	False	False	False	True	1	False	False	False	False
wh_dlc05_wef_starfire_arrow_mounted	arrow	small_arm_flaming		none	1	dual_low_fixed	140	0	88	55	10	0	2	16	False	False	0.1	11	85	2.4	0	0	0	wh_dlc05_wef_starfire_arrow		wh_bow_arrow_magical	-1	False		False	-1	1	0	4			1	False	True	35	very_low	300	False	False	False	True	1	False	False	False	False
wh_dlc05_wef_swiftshiver_arrow	arrow	small_arm_default		none	2	dual_low_fixed	135	0	88	45	10	1.6	14	4	False	False	0.1	11	85	4.2	0	0	0	wh_dlc05_wef_swiftshiver_arrow		wh_bow_arrow_magical	-1	False		False	-1	1	0	3			0	True	True	45	very_low	220	False	False	False	True	1	False	False	False	False
wh_dlc05_wef_treemen_arrow	arrow	small_arm_default	wh_dlc05_item_abilities_hail_of_doom_arrow	none	8	dual_low_fixed	70	10	88	45	100	5	85	15	False	False	0.1	11	55	1	0	0	0	wh_brt_longbow_arrow		wh_bow_arrow_normal	-1	True		False	-1	1	0	1			0	False	True	45	medium	-1	False	False	False	False	1	False	False	False	True
wh_dlc05_wef_waywatchers_arrow	arrow	small_arm_default		none	1	dual_low_fixed	190	0	88	57	30	0	6	20	False	False	0.1	10	120	3.1	0	0	0	wh_wef_waywatchers_arrow		wh_bow_arrow_magical	-1	False		False	-1	1	0	4			0	False	True	45	very_low	300	False	False	False	False	1	False	False	False	False
wh_dlc06_blasting_charge_ekrund	grenade	explosives	wh_main_dwf_blasting_charge_explosion	grenade_spin	1	dual_low_fixed	55	7	88	28	30	0	1	0	True	False	0.2	9	50	2	0	0	0	wh_dwf_miners_blasting_charge		wh_miners_blasting_charge	-1	False		False	-1	1	0	3			10	False	False	55	very_low	-1	False	False	True	False	1	False	False	False	False
wh_dlc06_dwf_crossow_bolt_bugmans_rangers	arrow	small_arm_default		none	1	dual_low_fixed	160	0	88	45	20	0	16	4	False	False	0.1	9	110	4.4	0	0	0	wh_dwf_crossbow_bolt		wh_crossbow_bolt_normal	-1	False		False	-1	1	0	5			0	False	True	45	very_low	300	False	False	False	False	1	False	False	False	False
wh_dlc06_dwf_raiders_throwing_axe	axe	small_arm_default		axe_spin	1	dual_low_fixed	75	0	60	32	30	0	6	26	False	False	0.12	8	40	2	0	0	0	wh_dlc06_dwf_rangers_throwing_axe		wh_throwing_axe	-1	False		False	-1	1	0	3			0	False	True	45	low	140	False	False	False	False	1	False	False	False	False
wh_dlc06_dwf_rangers_throwing_axe	axe	small_arm_default		axe_spin	1	dual_low_fixed	75	0	60	32	10	0	6	26	False	False	0.12	8	40	2	0	0	0	wh_dlc06_dwf_rangers_throwing_axe		wh_throwing_axe	-1	False		False	-1	1	0	3			0	False	True	45	low	140	False	False	False	False	1	False	False	False	False
wh_dlc06_grn_goblin_arrow_mogrubb	arrow	small_arm_default		none	1	dual_low_fixed	100	0	88	40	30	0	1	10	False	False	0.1	8	85	4.3	0	0	0	wh_grn_goblin_arrow		wh_bow_arrow_normal	-1	False		False	-1	1	0	3			0	False	True	45	very_low	300	False	False	False	False	1	False	False	False	False
wh_dlc06_grn_goblin_rock_lobber_rock_blinded	artillery	artillery_default	wh_main_grn_rock_lobber_explosion	axe_spin	1	low	400	35	60	67	10	0	35	135	False	False	0.2	18	300	90	0	0	0	wh_grn_idol		wh_catapult_rock_normal	0.5	True	wh_dlc06_unit_contact_blinded	False	-1	1	0	120			0	False	True	45	high	700	False	False	False	False	1	False	False	True	True
wh_dlc06_norgrimlings_cinder_bomb	grenade	explosives	wh_main_dwf_cinderblast_explosion	grenade_spin	1	dual_low_fixed	60	5	88	28	30	0	1	0	True	False	0.1	9	50	2	0	0	0	wh_dwf_miners_blasting_charge		wh_miners_blasting_charge	-1	False		False	-1	1	0	3			0	False	False	35	very_low	-1	False	False	True	False	1	False	False	False	False
wh_dlc06_unit_abilities_skyhammer_bomb	artillery	artillery_explosive	wh_main_unit_abilities_gyrobomber_bomb	none	4	low	10	10	5	50	5	90	70	70	False	True	0.3	27	2	6	0	0	0	wh_main_unit_abilities_gyrobomber_bomb		wh_copter_bomb	1.2	True		False	-1	1	0	1			0	False	False	45		-1	False	False	False	False	1	False	False	False	True
wh_dlc06_weapon_abilities_skarsniks_prodder	artillery	artillery_default	wh_dlc06_weapon_abilities_skarsniks_prodder	shell_spin	1	low	200	10	88	60	10	0	0	432	False	False	1	1	100	0.1	0	0	0	wh_dlc06_skarsniks_prodder		wh_magic_amber_spear	1	False		False	-1	1	0	250	wh_dlc03_spell_beasts_amber_spear		1	True	True	45	low_magic	-1	False	True	False	True	1	False	False	True	False
wh_dlc06_weapon_abilities_skarsniks_prodder_mini	grenade	explosives	wh_dlc06_weapon_abilities_skarsniks_prodder_mini	grenade_spin	1	dual_low_fixed	22	5	88	15	10	0	1	0	True	False	0.2	9	50	2	0	0	0	wh_dlc06_skarsniks_prodder		wh_miners_blasting_charge	-1	False		False	-1	1	0	3			10	False	False	55	very_low	-1	False	False	True	False	1	False	False	False	False
wh_dlc07_brt_trebuchet_blessed_stone	artillery	artillery_default	wh_dlc07_brt_blessed_stone_explosion	axe_spin	1	dual_low_fixed	440	50	60	70	10	0	70	270	False	False	0.5	20	340	90	0	0	0	wh_dlc07_brt_blessed_stone		wh_catapult_rock_normal	1	True		False	-1	1	0	120			0	True	True	52	high	700	False	True	False	False	1	False	False	True	True
wh_dlc07_item_abilities_chalice_of_potions	fireball	artillery_explosive	wh_dlc07_item_abilities_chalice_of_potions	shell_spin	1	low	200	25	50	75	30	0	864	216	False	False	2	1	250	1	0	0	0	wh_main_spell_heavens_comet_of_casandora		wh_dlc07_ability_chalice_of_potions	3.5	True		False	-1	1	0	1000			0	True	True	45	all	-1	False	False	False	True	1	False	False	False	True
wh_dlc08_abilities_lightening_down	artillery	artillery_explosive	wh_dlc08_abilities_lightening_down	none	1	low	200	25	50	120	30	0	0	224	False	False	0	0	0	0	0	0	0	wh_dlc08_abilities_lightening_down		none	1.5	True		False	0.8	1	0	100			0	True	True	45	high_magic	-1	False	False	False	False	1	False	False	False	False
wh_dlc08_abilities_nor_copious_vomit	fireball	artillery_explosive	wh_dlc08_abilities_nor_copious_vomit	shell_spin	1	low	60	5	88	30	30	0	75	33	False	False	1	1	40	16	0	0	0	wh_dlc08_copious_vomit_impact		wh_dlc08_abilities_copious_vomit	1	True		False	-1	1	0	35			0	False	True	45	low	-1	False	True	False	True	11	False	True	True	False
wh_dlc08_nor_hellcannon_blast_ice	artillery	artillery_default	wh_dlc08_nor_hellcannon_ice	none	1	fixed	420	35	60	72	20	0	72	262	False	False	0.2	12	275	19	0	0	0	wh_dlc08_nor_hellcannon_blast_ice	wh_main_unit_contact_overhead_morale	wh_hell_cannon_ice_blast	1.3	True		False	-1	1	0	150	wh_chs_hellcannon	hellcannon	0	True	True	30	low	700	False	False	False	True	1	False	False	True	True
wh_dlc08_wef_waywatchers_arrow_RoR	arrow	small_arm_default		none	1	dual_low_fixed	190	0	88	57	30	0	6	20	False	False	0.1	10	120	3.1	0	0	0	wh_wef_waywatchers_arrow		wh_bow_arrow_magical	-1	False	wh_dlc06_unit_contact_discouraged	False	-1	1	0	4			0	False	True	45	very_low	300	False	False	False	False	1	False	False	False	False
wh_dlc09_weapon_abilities_venom_staff	artillery	artillery_default	wh_dlc09_weapon_abilities_venom_staff_explosion	shell_spin	2	low	200	10	88	60	10	5	0	100	False	False	1	1	100	0.1	0	0	0	wh2_dlc09_abilities_venom_staff		wh2_dlc09_abilities_venom_staff	1	False	wh_main_unit_contact_poison	False	-1	1	0	250	wh_dlc03_spell_beasts_amber_spear		1	True	True	45	low_magic	-1	False	True	False	True	1	False	False	True	False
wh_dlc09_weapon_abilities_venom_staff_mini	grenade	explosives	wh_dlc09_weapon_abilities_venom_staff_explosion_mini	grenade_spin	1	dual_low_fixed	22	5	88	15	10	0	0	66	True	False	0.2	9	50	2	0	0	0	wh2_dlc09_abilities_venom_staff_mini			-1	False	wh_main_unit_contact_poison	False	-1	1	0	3			1	False	False	25	very_low	-1	False	False	True	False	1	False	False	False	False
wh_dwf_bolt_thrower_bolt	artillery	artillery_default		none	1	low	340	8	40	70	30	0	28	116	False	False	0.1	13	265	2.9	0	0	30	wh_dwf_bolt_thrower_bolt		wh_bolt_thrower	-1	True		False	-1	1	0	50			0	False	True	45	large_3	700	False	False	False	False	1	False	False	False	True
wh_dwf_cannon_ball	artillery	artillery_default		none	1	low	440	10	40	100	30	0	84	336	True	False	0.1	22	265	7.8	0	0	0	wh_dwf_cannon_ball		wh_cannon_cannonball_normal	0.3	True		False	-1	1	0	350			0	False	True	45	very_high_low_entity	700	False	False	True	False	1	False	False	True	True
wh_dwf_copter_brimstone_shot	artillery	artillery_flammable		none	1	low	100	10	45	100	10	0	24	74	False	False	0.5	11	85	2.6	0	0	0	wh_dwf_copter_brimstone_shot		wh_bullet	0.5	False		False	-1	1	0	20			10	False	True	45	low	180	False	True	False	False	1	False	False	True	False
wh_dwf_crossow_bolt	arrow	small_arm_default		none	1	dual_low_fixed	160	0	88	45	10	0	16	4	False	False	0.1	11	110	4.7	0	0	0	wh_dwf_crossbow_bolt		wh_crossbow_bolt_normal	-1	False		False	-1	1	0	5			0	False	True	45	very_low	300	False	False	False	False	1	False	False	False	False
wh_dwf_drakegun_flame	musket	artillery_flammable	wh_main_dwf_drakegun_explosion	none	1	low	80	0	55	30	10	0	8	4	False	False	1	9	40	1.4	0	0	0	wh_dwf_drakegun_flame		wh_drakegun_flame	0	False	wh_main_unit_contact_morale	False	3	4	0.35	40			1	False	True	45	low	88	True	True	False	False	1	False	False	False	False
wh_dwf_drakegun_skolder	artillery	artillery_explosive	wh_dlc06_dwf_inf_drakegun_skolder_explosion	none	1	low	90	5	55	42	30	0	5	10	False	False	1	8	40	5	0	0	0	wh_dwf_drakegun_skolder		wh_steam_gun_steam	1	False		False	3	1	0	3			0	False	True	45	low	160	False	False	False	False	1	False	False	False	False
wh_dwf_drakegun_trollhammer	artillery	artillery_default	wh_main_dwf_trollhammer	none	1	dual_low_fixed	90	0	88	35	10	0	28	116	False	False	0.05	20	40	1.7	0	0	24	wh_dwf_drakegun_trollhammer		wh_drakegun_troll_hammer	-1	False		False	-1	1	0	220			0	False	True	45	very_low	160	False	True	False	False	1	False	False	False	False
wh_dwf_flame_cannon_flame	artillery	artillery_flammable	wh_main_dwf_flamecannon_explosion	none	1	fixed	230	7	35	43	20	0	160	75	False	False	1	10	120	15	0	0	0	wh_dwf_flame_cannon_blast		wh_flame_cannon_flame	1.6	True	wh_main_unit_contact_morale	False	10	1	0	300			1	False	True	23	very_low	270	False	False	False	False	1	False	False	False	True
wh_dwf_grudge_stone	artillery	artillery_default	wh_main_dwf_grudge_thrower_explosion	axe_spin	1	low	440	40	65	69	10	0	30	140	False	False	0.2	20	340	80	0	0	0	wh_dwf_grudge_stone		wh_catapult_rock_normal	0.6	True		False	-1	1	0	120			0	False	True	45	high	700	False	False	False	False	1	False	False	True	True
wh_dwf_grudge_stone_goblin	artillery	artillery_default	wh_main_dwf_grudge_thrower_explosion	grenade_spin	1	low	440	40	65	69	10	0	30	140	False	False	0.2	20	340	80	0	0	0	wh_dwf_grudge_stone_goblin		wh_doomdiver_goblin	0.6	True	wh_dlc06_unit_contact_discouraged	False	-1	1	0	150			0	False	True	45	high	700	False	False	False	False	1	False	False	True	True
wh_dwf_gyrobomber_clattergun_bullet	musket	small_arm_default	wh_main_dwf_clattergun	none	1	low	125	0	88	100	20	1	11	31	False	False	0.1	5	80	6	0	0	0	wh_dwf_bomber_clattergun_bullet		wh_bullet	-1	False		False	-1	1	0	10			0	False	True	45	low	160	False	False	False	False	8	False	False	False	False
wh_dwf_gyrocopter_steam_shot	artillery	artillery_explosive	wh_main_dwf_gyrocopter_steamgun_explosion	none	1	low	75	10	45	45	20	0	12	4	False	False	1	9	80	13	0	0	0	wh_dwf_gyrocopter_steam_shot		wh_steam_gun_steam	2.2	False		False	3	1	0	3			0	False	True	45	low	140	False	False	False	False	1	False	False	False	False
wh_dwf_ironbreakers_cinderblast_bomb	grenade	explosives	wh_main_dwf_cinderblast_explosion	grenade_spin	1	dual_low_fixed	60	7	88	28	10	0	1	0	True	False	0.1	9	50	2	0	0	0	wh_dwf_miners_blasting_charge		wh_miners_blasting_charge	-1	False		False	-1	1	0	3			0	False	False	35	very_low	-1	False	False	True	False	1	False	False	False	False
wh_dwf_master_engineer_rifle_bullet	musket	artillery_default		none	1	low	180	0	88	110	70	0	60	180	False	False	0.1	8	150	2	0	0	0	wh_dwf_rifle_bullet		wh_bullet	-1	False		False	-1	1	0	25			0	False	True	45	medium	-1	False	False	False	False	1	False	False	False	False
wh_dwf_miners_blasting_charge	grenade	explosives	wh_main_dwf_blasting_charge_explosion	grenade_spin	1	dual_low_fixed	55	7	88	28	10	0	1	0	True	False	0.2	9	50	2	0	0	0	wh_dwf_miners_blasting_charge		wh_miners_blasting_charge	-1	False		False	-1	1	0	3			10	False	False	55	very_low	-1	False	False	True	False	1	False	False	False	False
wh_dwf_organ_gun	artillery	artillery_default		none	1	low	300	0	35	100	20	0	22	68	True	False	0.1	12	170	8.2	0	0	0	wh_dwf_organ_gun_shot		wh_cannon_rock_cluster	-1	True		False	-1	1	0	25			0	False	True	45	very_high_low_entity	-1	False	False	True	False	4	False	False	False	True
wh_dwf_rifle_bullet	musket	small_arm_default		none	1	low	145	0	88	100	20	0	5	17	False	False	0.05	13	90	1.65	0	0	0	wh_dwf_rifle_bullet		wh_bullet	-1	False		False	-1	1	0	5			0	False	True	45	very_low	300	False	False	False	False	1	False	False	False	False
wh_emp_crossbow_bolt	arrow	small_arm_default		none	1	dual_low_fixed	160	0	88	45	10	0	16	4	False	False	0.1	11	120	5.1	0	0	0	wh_emp_crossbow_bolt		wh_crossbow_bolt_normal	-1	False		False	-1	1	0	5			0	False	True	45	very_low	300	False	False	False	False	1	False	False	False	False
wh_emp_great_cannon_ball	artillery	artillery_default		none	1	low	450	10	40	100	20	0	88	352	True	False	0.1	22	275	8.5	0	0	0	wh_emp_cannon_ball		wh_cannon_cannonball_normal	0.3	True		False	-1	1	0	350			0	False	True	45	very_high_low_entity	700	False	False	True	False	1	False	False	True	True
wh_emp_grenade	arrow	explosives	wh_main_emp_grenade_explosion	grenade_spin	1	dual_low_fixed	100	7	88	40	10	0	10	2	False	False	0.05	10	100	10	0	0	0	wh_emp_grenade		wh_grenade	0.05	False		False	-1	1	0	1			0	False	False	55		230	False	False	False	False	1	False	False	False	False
wh_emp_helblaster_bullet	artillery	artillery_default		none	1	low	290	0	35	100	20	0	15	45	False	False	0.05	10	275	9	0	0	0	wh_emp_volley_gun_shot		wh_bullet	0.3	True		False	-1	1	0	8			0	False	True	45	medium_2	440	False	False	False	False	9	False	False	False	True
wh_emp_mortar_shell	artillery	artillery_explosive	wh_main_emp_mortar_explosion	axe_spin	1	fixed	380	60	56	68	10	0	100	30	False	False	0.16	19	300	380	0	0	0	wh_emp_mortar		wh_mortar_cannonball	0.2	True		False	-1	1	0	50			0	False	True	50	low	600	False	False	False	False	1	False	False	True	True
wh_emp_pistol_bullet	musket	small_arm_default		none	1	low	80	0	45	90	10	0	13	2	False	False	0.05	9	60	1.6	0	0	0	wh_emp_rifle_bullet		wh_bullet	-1	False		False	-1	1	0	2			0	False	True	45	low	-1	False	False	False	False	2	False	False	False	False
wh_emp_rifle_bullet	musket	small_arm_default		none	1	low	145	0	88	100	10	0	5	17	False	False	0.05	13	100	1.8	0	0	0	wh_emp_rifle_bullet		wh_bullet	-1	False		False	-1	1	0	5			0	False	True	45	very_low	300	False	False	False	False	1	False	False	False	False
wh_emp_rifle_repeater_bullet	musket	small_arm_default		none	1	low	130	0	88	100	10	0	3	15	False	False	0.05	6	85	1.6	0	0	0	wh_emp_rifle_bullet		wh_bullet	-1	False		False	-1	1	0	5			0	False	True	45	very_low	300	False	False	False	False	1	False	False	False	False
wh_emp_rocket	artillery	artillery_explosive	wh_main_emp_rocket_explosion	none	1	low	480	40	65	72	10	0	30	70	False	False	0.25	17	300	220	0	0	0	wh_emp_rocket		wh_helstorm_rocket	0.4	True		False	-1	1	0	1			0	False	True	45	low	800	False	False	False	False	3	False	False	False	True
wh_emp_steam_tank_cannon_ball	artillery	artillery_default		none	1	low	380	0	45	110	30	0	88	352	True	False	0.1	11	275	8	0	0	0	wh_emp_steamtank_cannon_ball		wh_cannon_cannonball_normal	0.3	True		False	-1	1	0	340			0	False	True	45	very_high_low_entity	500	False	False	True	False	1	True	False	True	True
wh_emp_steam_tank_steam_shot	artillery	artillery_explosive	wh_main_emp_steamtank_steamgun_explosion	none	1	low	70	5	45	40	20	0	20	5	False	False	0.5	6	80	6	0	0	0	wh_emp_steam_blast		wh_steam_gun_steam	1	True		False	3	1	0	5			0	False	True	45	very_low	140	False	False	False	False	1	False	False	False	True
wh_emp_witchhunter_boss_pistol	musket	small_arm_default	wh_main_emp_rocket_explosion	none	1	low	125	0	45	110	60	0	33	117	False	False	0.05	4	80	1.6	0	0	0	wh_emp_rifle_bullet		wh_bullet	-1	False		False	-1	1	0	6			0	False	True	45	medium_magic	-1	False	False	False	False	1	False	False	False	False
wh_emp_witchhunter_pistol	musket	small_arm_default		none	1	low	90	0	45	110	60	0	33	117	False	False	0.05	4	80	1.6	0	0	0	wh_emp_rifle_bullet		wh_bullet	-1	False		False	-1	1	0	6			0	True	True	45	medium	-1	False	False	False	False	1	False	False	False	False
wh_gen_animal_carcass_debris	misc	explosives		grenade_spin	1	low	50	25	88	10	10	0	0	5	False	True	0.1	20	50	1	0	0	0	wh_brt_cow_carcass_debris		wh_carcass_debris	-1	False		False	-1	1	0	1			0	False	True	45	low	-1	False	False	False	False	1	False	False	False	False
wh_gen_explosive_shrapnel	misc	explosives		grenade_spin	1	low	25	0	70	10	10	3	0	0	True	False	0.1	20	50	1	0	0	0	wh_gen_stone_shrapnel		wh_shrapnel_fragment	-1	False		False	-1	1	0	1			0	False	True	45	low	-1	False	False	False	False	1	False	False	False	False
wh_gen_stone_shrapnel	misc	explosives		grenade_spin	1	low	50	0	88	10	10	0	0	0	True	False	0.5	20	50	1	0	0	0	wh_gen_stone_shrapnel		wh_shrapnel_fragment	-1	False		False	-1	1	0	1			0	False	True	45	low	-1	False	False	False	False	1	False	False	False	False
wh_gen_tower_flammable_rock	artillery	artillery_flammable		shell_spin	1	low	175	15	60	60	10	0	30	10	True	False	0.16	12	300	200	0	0	0	rock_flammable		wh_catapult_rock_flaming	0.3	True		False	-1	1	0	1			1	False	True	45	low	-1	False	False	True	False	1	False	False	True	True
wh_gen_tower_flammable_rock_short_range	artillery	artillery_flammable		shell_spin	1	low	80	15	60	60	10	0	30	10	True	False	0.16	12	300	200	0	0	0	rock_flammable		wh_catapult_rock_flaming	0.3	True		False	-1	1	0	1			1	False	True	45	low	-1	False	False	True	False	1	False	False	True	True
wh_grn_arachnarok_rider_arrow_poison	arrow	small_arm_default		none	1	dual_low_fixed	100	0	88	40	10	0	19	5	False	False	0.1	5	85	4.3	0	0	0	wh_grn_goblin_arrow		wh_bow_arrow_normal	-1	False	wh_main_unit_contact_poison	False	-1	1	0	1			0	False	True	45	low	-1	False	False	False	False	1	False	False	False	False
wh_grn_doomdiver_goblin	artillery	artillery_default	wh_main_grn_doomdiver_goblin_explosion	none	1	fixed	400	20	35	-1	10	0	175	65	False	False	1	18	300	13	0	0	0	wh_grn_doomdiver_goblin		wh_doomdiver_goblin	1	True		False	5	1	0	80	wh_grn_doomdiver_goblin	doom_diver	0	False	True	35	medium	700	False	False	False	False	1	False	False	True	True
wh_grn_doomdiver_goblin_shrapnel	misc	explosives		grenade_spin	1	low	25	0	70	10	10	0	0	0	True	False	0.1	20	50	1	0	0	0	wh_grn_doomdiver_goblin_shrapnel			-1	False		False	-1	1	0	1			0	False	True	45	low	-1	False	False	False	False	1	False	False	False	False
wh_grn_goblin_arrow	arrow	small_arm_default		none	1	dual_low_fixed	115	0	88	40	10	0	10	1	False	False	0.1	8	85	3.5	0	0	0	wh_grn_goblin_arrow		wh_bow_arrow_normal	-1	False		False	-1	1	0	3			0	False	True	45	very_low	300	False	False	False	False	1	False	False	False	False
wh_grn_goblin_arrow_poison_night_goblin	arrow	small_arm_default		none	1	dual_low_fixed	115	0	88	40	10	0	10	1	False	False	0.1	8	85	3.5	0	0	0	wh_grn_goblin_arrow		wh_bow_arrow_normal	-1	False	wh_main_unit_contact_poison	False	-1	1	0	3			0	False	True	45	very_low	300	False	False	False	False	1	False	False	False	False
wh_grn_goblin_arrow_poison_spider_mounted	arrow	small_arm_default		none	1	dual_low_fixed	100	0	88	40	10	0	9	2	False	False	0.1	8	85	4.3	0	0	0	wh_grn_goblin_arrow		wh_bow_arrow_normal	-1	False	wh_main_unit_contact_poison	False	-1	1	0	3			0	False	True	45	very_low	300	False	False	False	False	1	False	False	False	False
wh_grn_goblin_arrow_sundered_night_goblin	arrow	small_arm_default		none	1	dual_low_fixed	115	0	88	40	30	0	10	1	False	False	0.1	8	85	3.5	0	0	0	wh_grn_goblin_arrow		wh_bow_arrow_normal	-1	False	wh_dlc06_unit_contact_sundered_armour	False	-1	1	0	3			0	False	True	45	very_low	300	False	False	False	False	1	False	False	False	False
wh_grn_goblin_arrow_wolf_mounted	arrow	small_arm_default		none	1	dual_low_fixed	100	0	88	40	10	0	10	1	False	False	0.1	8	85	4.3	0	0	0	wh_grn_goblin_arrow		wh_bow_arrow_normal	-1	False		False	-1	1	0	3			0	False	True	45	very_low	300	False	False	False	False	1	False	False	False	False
wh_grn_orc_arrow	arrow	small_arm_default		none	1	dual_low_fixed	140	0	88	40	10	0	14	6	False	False	0.1	11	85	4.1	0	0	0	wh_grn_orc_arrow		wh_bow_arrow_normal	-1	False		False	-1	1	0	5			0	False	True	45	very_low	300	False	False	False	False	1	False	False	False	False
wh_grn_wolf_chariot_arrow	arrow	small_arm_default		none	2	dual_low_fixed	115	0	88	40	10	1.2	19	3	False	False	0.1	6	50	1	0	0	0	wh_grn_goblin_arrow		wh_bow_arrow_normal	-1	False		False	-1	1	0	1			0	False	True	45	low	-1	False	False	False	False	1	False	False	False	False
wh_main_bound_spell_solheims_bolt_of_illumination	artillery	artillery_default	wh_main_bound_spell_solheims_bolt_of_illumination	none	1	low	300	20	45	100	100	0	495	855	False	False	1	22	200	1	0	0	0	wh_main_bound_spell_solheims_bolt_of_illumination		wh_magic_bolt_of_illumination	1	True		False	1	1	0	350	wh_main_bound_spell_solheims_bolt_of_illumination		1	True	True	45	medium_magic	-1	False	False	False	True	1	False	False	True	True
wh_main_grn_goblin_rock_lobber_rock	artillery	artillery_default	wh_main_grn_rock_lobber_explosion	axe_spin	1	low	400	35	60	67	10	0	35	135	False	False	0.2	18	300	90	0	0	0	wh_grn_idol		wh_catapult_rock_normal	0.5	True		False	-1	1	0	120			0	False	True	45	high	700	False	False	False	False	1	False	False	True	True
wh_main_grn_goblin_rock_lobber_rock_intro_battle	artillery	artillery_default	wh_main_grn_rock_lobber_explosion	axe_spin	1	low	380	35	60	67	10	0	1000	1000	False	False	0.2	20	300	120	0	0	0	wh_grn_idol		wh_catapult_rock_normal	0.5	True		False	-1	1	0	120			0	False	True	45	high	700	False	False	False	False	1	False	False	True	True
wh_main_lord_abilities_lord_of_the_storm	artillery	artillery_explosive	wh_main_lord_abilities_lord_of_the_storm	none	1	low	200	25	50	120	30	0	0	224	False	False	1.5	1	250	1	0	0	0	wh_main_lord_abilities_lord_of_the_storm			1.5	True		False	0.8	1	0	100			0	True	True	45	high_magic	-1	False	False	False	False	1	False	False	True	True
wh_main_spell_big_waaagh_gaze_of_mork	musket	small_arm_flaming	wh_main_spell_big_waaagh_gaze_of_mork	shell_spin	5	low	250	10	88	60	30	5	95	40	False	False	0.25	1	125	0.1	0	0	66	wh_main_spell_big_waaagh_gaze_of_mork		wh_magic_gaze_of_mork	0.25	False		False	0.9	1	1	1	wh_main_magic_missile		0	True	True	25	medium_magic	-1	False	False	False	True	1	False	False	False	False
wh_main_spell_big_waaagh_gaze_of_mork_upgraded	musket	small_arm_flaming	wh_main_spell_big_waaagh_gaze_of_mork_upgraded	shell_spin	5	low	500	10	88	60	30	5	95	40	False	False	0.25	1	250	0.1	0	0	66	wh_main_spell_big_waaagh_gaze_of_mork		wh_magic_gaze_of_mork	0.25	False		False	0.9	1	1	1	wh_main_magic_missile		0	True	True	25	medium_magic	-1	False	False	False	True	1	False	False	False	False
wh_main_spell_bound_fireball	fireball	artillery_explosive	wh_main_spell_fire_fireball	shell_spin	1	low	300	10	88	30	30	0	475	200	False	False	1	15	250	1	0	0	0	wh_main_spell_fire_fireball		wh_magic_fireball	1	True		False	0.9	1	0	250	wh_main_spell_fire_fireball		1	True	True	45	high_magic	-1	False	False	False	True	1	False	False	True	True
wh_main_spell_bound_soulfire	arrow	small_arm_flaming	wh_main_spell_bound_soulfire	none	1	low	40	0	88	30	0	5	26	0	False	False	0.2	1	250	10	0	0	0	wh_main_spell_bound_soulfire		wh_magic_bound_soulfire	1	False		False	20	1	0	1			0	True	True	45	high_magic	-1	False	False	False	True	1	False	False	False	False
wh_main_spell_fire_fireball	fireball	artillery_explosive	wh_main_spell_fire_fireball	shell_spin	1	low	300	10	88	30	30	0	475	200	False	False	1	1	250	1	0	0	0	wh_main_spell_fire_fireball		wh_magic_fireball	1	True		False	0.9	1	0	250	wh_main_spell_fire_fireball		1	True	True	45	high_magic	-1	False	False	False	True	1	False	False	True	True
wh_main_spell_fire_fireball_upgraded	fireball	artillery_explosive	wh_main_spell_fire_fireball_upgraded	shell_spin	1	low	300	10	88	30	30	0	1148	0	False	False	1.5	1	250	1	0	0	0	wh_main_spell_fire_fireball		wh_magic_fireball	1.5	True		False	0.9	1	0	300	wh_main_spell_fire_fireball		1	True	True	45	high_magic	-1	False	False	False	True	1	False	False	True	True
wh_main_spell_fire_piercing_bolts_of_burning	arrow	small_arm_flaming	wh_main_spell_fire_piercing_bolts_of_burning	shell_spin	1	low	40	0	88	30	0	5	0	112	False	False	0.5	1	250	10	0	0	0	wh_main_spell_fire_piercing_bolts_of_burning		wh_magic_piercing_bolts_of_burning	1	False		False	10	1	0	25			1	True	True	45	very_low_magic	-1	False	False	False	True	1	False	False	True	False
wh_main_spell_fire_piercing_bolts_of_burning_upgraded	arrow	small_arm_flaming	wh_main_spell_fire_piercing_bolts_of_burning_upgraded	shell_spin	1	low	40	0	88	30	0	5	0	112	False	False	0.5	1	250	10	0	0	0	wh_main_spell_fire_piercing_bolts_of_burning		wh_magic_piercing_bolts_of_burning	1	False		False	10	1	0	25			1	True	True	45	very_low_magic	-1	False	False	False	True	1	False	False	True	False
wh_main_spell_heavens_comet_of_casandora	fireball	artillery_explosive	wh_main_spell_heavens_comet_of_casandora	shell_spin	1	low	200	25	50	75	30	0	864	216	False	False	2	1	250	1	0	0	0	wh_main_spell_heavens_comet_of_casandora		wh_magic_comet_of_casandora	3.5	True		False	-1	1	0	1000			0	True	True	45	all	-1	False	False	False	True	1	False	False	True	True
wh_main_spell_heavens_comet_of_casandora_upgraded	fireball	artillery_explosive	wh_main_spell_heavens_comet_of_casandora_upgraded	shell_spin	1	low	200	25	50	75	30	0	864	216	False	False	2	1	250	1	0	0	0	wh_main_spell_heavens_comet_of_casandora		wh_magic_comet_of_casandora	3.5	True		False	-1	1	0	1000			0	True	True	45	all	-1	False	False	False	True	1	False	False	True	True
wh_main_spell_heavens_urannons_thunderbolt	artillery	artillery_explosive	wh_main_spell_heavens_urannons_thunderbolt	shell_spin	1	low	200	25	50	120	30	0	0	672	False	False	2	1	75	0.1	0	0	0	wh_main_spell_heavens_urannons_thunderbolt		wh_magic_urannons_thunderbolt	2	True		False	0.85	1	0	100			0	True	True	45	high_magic	-1	False	False	False	True	1	False	False	True	True
wh_main_spell_heavens_urannons_thunderbolt_upgraded	artillery	artillery_explosive	wh_main_spell_heavens_urannons_thunderbolt_upgraded	shell_spin	1	low	200	25	50	120	30	0	0	1344	False	False	2	1	75	0.1	0	0	0	wh_main_spell_heavens_urannons_thunderbolt		wh_magic_urannons_thunderbolt	2	True		False	0.85	1	0	100			0	True	True	45	high_magic	-1	False	False	False	True	1	False	False	True	True
wh_main_spell_light_shems_burning_gaze	musket	small_arm_flaming	wh_main_spell_light_shems_burning_gaze	shell_spin	5	low	250	10	88	60	30	5	22	50	False	False	0.25	1	125	0.1	0	0	40	wh_main_spell_light_shems_burning_gaze		wh_magic_burning_gaze	0.25	False		False	0.9	1	1	1	wh_main_magic_missile		1	True	True	25	medium_magic	-1	False	False	False	True	1	False	False	False	False
wh_main_spell_light_shems_burning_gaze_upgraded	musket	small_arm_flaming	wh_main_spell_light_shems_burning_gaze_upgraded	shell_spin	5	low	250	10	88	60	30	5	44	100	False	False	0.25	1	125	0.1	0	0	77	wh_main_spell_light_shems_burning_gaze		wh_magic_burning_gaze	0.25	False		False	0.9	1	1	1	wh_main_magic_missile		1	True	True	25	medium_magic	-1	False	False	False	True	1	False	False	False	False
wh_main_spell_lil_waaagh_vindictive_glare	musket	small_arm_flaming	wh_main_spell_lil_waaagh_vindictive_glare	shell_spin	5	low	250	10	88	60	30	5	95	40	False	False	0.25	1	125	0.1	0	0	66	wh_main_spell_lil_waaagh_vindictive_glare		wh_magic_vindictive_glare	0.25	False		False	0.9	1	1	1	wh_main_magic_missile		0	True	True	25	medium_magic	-1	False	False	False	True	1	False	False	False	False
wh_main_spell_lil_waaagh_vindictive_glare_upgraded	musket	small_arm_flaming	wh_main_spell_lil_waaagh_vindictive_glare	shell_spin	10	low	250	10	88	60	30	5	95	40	False	False	0.25	1	125	0.1	0	0	66	wh_main_spell_lil_waaagh_vindictive_glare		wh_magic_vindictive_glare	0.25	False		False	0.9	1	1	1	wh_main_magic_missile		0	True	True	25	medium_magic	-1	False	False	False	True	1	False	False	False	False
wh_main_spell_metal_searing_doom	arrow	small_arm_flaming	wh_main_spell_metal_searing_doom	none	1	low	40	0	88	30	0	5	24	12	False	False	0.4	1	250	10	0	0	0	wh_main_spell_metal_searing_doom		wh_magic_searing_doom	1	False		False	20	1	0	50			0	True	True	45	very_low_magic	-1	False	False	False	True	1	False	False	True	False
wh_main_spell_metal_searing_doom_upgraded	arrow	small_arm_flaming	wh_main_spell_metal_searing_doom_upgraded	none	1	low	40	0	88	30	0	5	24	12	False	False	0.4	1	250	10	0	0	0	wh_main_spell_metal_searing_doom		wh_magic_searing_doom	1	False		False	20	1	0	50			0	True	True	45	very_low_magic	-1	False	False	False	True	1	False	False	True	False
wh_main_spell_vampires_gaze_of_nagash	musket	small_arm_flaming	wh_main_spell_vampires_gaze_of_nagash	shell_spin	5	low	250	10	88	60	30	5	33	77	False	False	0.25	1	125	0.1	0	0	44	wh_main_spell_vampires_gaze_of_nagash		wh_main_spell_vampires_gaze_of_nagash	0.25	False		False	0.9	1	1	1	wh_main_magic_missile		0	True	True	25	medium_magic	-1	False	False	False	True	1	False	False	False	False
wh_main_spell_vampires_gaze_of_nagash_upgraded	musket	small_arm_flaming	wh_main_spell_vampires_gaze_of_nagash_upgraded	shell_spin	10	low	250	10	88	60	30	5	33	77	False	False	0.25	1	125	0.1	0	0	44	wh_main_spell_vampires_gaze_of_nagash		wh_main_spell_vampires_gaze_of_nagash	0.25	False		False	0.9	1	1	1	wh_main_magic_missile		0	True	True	25	medium_magic	-1	False	False	False	True	1	False	False	False	False
wh_main_unit_abilities_gyrobomber_bomb	artillery	artillery_explosive	wh_main_unit_abilities_gyrobomber_bomb	none	1	low	10	10	5	-1	5	0	70	70	False	True	0.3	27	2	6	0	0	0	wh_main_unit_abilities_gyrobomber_bomb		wh_copter_bomb	1.2	True		False	-1	1	0	10			0	False	False	45		-1	False	False	False	False	1	False	False	False	True
wh_main_unit_abilities_gyrocopter_grenade	artillery	artillery_explosive	wh_main_unit_abilities_gyrocopter_grenade	none	1	low	10	10	5	-1	5	0	40	40	False	True	0.1	27	2	2	0	0	0	wh_main_unit_abilities_gyrocopter_grenade		wh_copter_grenade	1	True		False	-1	1	0	10			0	False	False	45		-1	False	False	False	False	1	False	False	False	True
wh_nor_javelin_heavy	javelin	small_arm_default		none	1	dual_low_fixed	90	0	75	40	10	0	18	7	False	False	0.1	8	40	2	0	0	15	wh_chs_javelin		wh_javelin	-1	False		False	-1	1	0	3			0	False	True	50	low	150	False	False	False	False	1	False	False	False	False
wh_nor_throwing_axe	axe	small_arm_default		axe_spin	1	dual_low_fixed	65	0	60	32	10	0	6	26	False	False	0.12	10	30	1.8	0	0	0	wh_chs_throwing_axe		wh_throwing_axe	-1	False		False	-1	1	0	1			0	False	True	50	low	140	False	False	False	False	1	False	False	False	False
wh_pro04_bst_cygor_boulder_ror	artillery	artillery_default	wh_pro04_bst_cygor_boulder_explosion_ror	shell_spin	1	low	400	10	60	68	20	0	84	336	False	False	2	15	320	55	0	0	0	wh_bst_cygor_boulder_ror		wh_catapult_rock_normal	2.5	True		False	-1	1	0	300			0	True	True	45	medium	700	False	False	False	False	1	False	False	True	True
wh_pro04_chs_hellcannon_blast_ror	artillery	artillery_default	wh_pro04_chs_hellcannon_ror	none	1	fixed	420	35	60	72	20	0	72	262	False	False	0.2	12	275	19	0	0	0	wh_chs_hellcannon_blast	wh_main_unit_contact_overhead_morale	wh_hell_cannon_soul	1.3	True		False	-1	1	0	150	wh_chs_hellcannon	hellcannon	0	True	True	30	low	700	False	False	False	True	1	False	False	True	True
wh_tower_brt_arrow	arrow	small_arm_default		none	1	dual_low_fixed	450	0	88	67	10	1.25	150	75	False	False	0.1	20	225	75	0	0	0	wh_brt_longbow_arrow_tower		wh_bow_arrow_normal	-1	True		False	-1	3	1	1			0	False	True	45	low	-1	False	False	False	False	1	False	False	False	True
wh_tower_brt_arrow_improved	arrow	small_arm_default		none	1	dual_low_fixed	450	0	88	67	10	1.25	165	85	False	False	0.1	20	225	75	0	0	0	wh_brt_longbow_arrow_tower_improved		wh_bow_arrow_normal	-1	True		False	-1	3	1	1			0	False	True	45	low	-1	False	False	False	False	1	False	False	False	True
wh_tower_brt_blessed_stone	artillery	artillery_default	wh_main_tower_brt_blessed_stone_explosion	grenade_spin	1	low	450	0	88	67	10	0	600	100	False	False	0.1	22	225	120	0	0	0	wh_brt_blessed_stone_tower		wh_tower_blessed_stone	1	True		False	-1	1	0	200			0	False	True	45	high	-1	False	False	False	False	1	False	False	True	True
wh_tower_brt_carcass	artillery	artillery_poison	wh_main_tower_brt_carcass_explosion	grenade_spin	1	low	450	0	88	67	10	0	750	100	False	False	0.1	22	225	120	0	0	0	wh_brt_carcass_tower		wh_carcass	1	True		False	-1	1	0	200			0	False	True	45	low	-1	False	False	False	False	1	False	False	True	True
wh_tower_dwf_bullet	musket	small_arm_default		none	1	low	450	0	88	67	10	1.25	150	75	False	False	0.1	20	225	75	0	0	0	wh_dwf_rifle_bullet_tower		wh_bullet	-1	True		False	-1	3	1	5			0	False	True	45	low	-1	False	False	False	False	1	False	False	False	True
wh_tower_dwf_bullet_improved	musket	small_arm_default		none	1	low	450	0	88	67	10	1.25	165	85	False	False	0.1	20	225	75	0	0	0	wh_dwf_rifle_bullet_tower_improved		wh_bullet	-1	True		False	-1	3	1	5			0	False	True	45	low	-1	False	False	False	False	1	False	False	False	True
wh_tower_dwf_cannon_ball	artillery	artillery_explosive	wh_main_tower_dwf_cannon_ball_explosion	none	1	low	450	0	88	67	10	0	600	100	False	False	0.1	22	225	120	0	0	0	wh_dwf_cannon_ball_tower		wh_cannon_cannonball_normal	1	True		False	-1	1	0	200			0	False	True	45	high	-1	False	False	False	False	1	False	False	True	True
wh_tower_dwf_fused_beer_keg	artillery	artillery_flammable	wh_main_tower_dwf_fused_beer_keg_explosion	grenade_spin	1	low	450	0	88	67	10	0	750	100	False	False	0.1	22	225	120	0	0	0	wh_dwf_fused_beer_keg_tower		wh_tower_fused_beer_keg	1	True		False	-1	1	0	200			0	False	True	45	low	-1	False	False	False	False	1	False	False	True	True
wh_tower_emp_bullet	musket	small_arm_default		none	1	low	450	0	88	67	10	1.25	150	75	False	False	0.1	20	225	75	0	0	0	wh_emp_rifle_bullet_tower		wh_bullet	-1	True		False	-1	3	1	1			0	False	True	45	low	-1	False	False	False	False	1	False	False	False	True
wh_tower_emp_bullet_improved	musket	small_arm_default		none	1	low	450	0	88	67	10	1.25	165	85	False	False	0.1	20	225	75	0	0	0	wh_emp_rifle_bullet_tower_improved		wh_bullet	-1	True		False	-1	3	1	1			0	False	True	45	low	-1	False	False	False	False	1	False	False	False	True
wh_tower_emp_cannon_ball	artillery	artillery_default	wh_main_tower_emp_cannon_ball_explosion	none	1	low	450	0	88	67	10	0	600	100	False	False	0.1	22	225	120	0	0	0	wh_emp_cannon_ball_tower		wh_cannon_cannonball_normal	1	True		False	-1	1	0	200			0	False	True	45	high	-1	False	False	False	False	1	False	False	True	True
wh_tower_emp_clockwork_bomb	artillery	artillery_explosive	wh_main_tower_emp_clockwork_bomb_explosion	grenade_spin	1	low	450	0	88	67	10	0	750	100	False	False	0.1	22	225	120	0	0	0	wh_emp_clockwork_bomb_tower		wh_tower_clockwork_bomb	1	True		False	-1	1	0	200			0	False	True	45	low	-1	False	False	False	False	1	False	False	True	True
wh_tower_grn_arrow	arrow	small_arm_default		none	1	dual_low_fixed	450	0	88	67	10	1.25	150	75	False	False	0.1	20	225	75	0	0	0	wh_grn_orc_arrow_tower		wh_bow_arrow_normal	-1	True		False	-1	3	1	1			0	False	True	45	low	-1	False	False	False	False	1	False	False	False	True
wh_tower_grn_arrow_improved	arrow	small_arm_default		none	1	dual_low_fixed	450	0	88	67	10	1.25	165	85	False	False	0.1	20	225	75	0	0	0	wh_grn_orc_arrow_tower_improved		wh_bow_arrow_normal	-1	True		False	-1	3	1	1			0	False	True	45	low	-1	False	False	False	False	1	False	False	False	True
wh_tower_grn_giant_dungball	artillery	artillery_explosive	wh_main_tower_grn_giant_dungball_explosion	grenade_spin	1	low	450	0	88	67	10	0	600	100	False	False	0.1	22	225	120	0	0	0	wh_grn_dung_ball_tower		wh_tower_giant_dungball	1	True		False	-1	1	0	200			0	False	True	45	low	-1	False	False	False	False	1	False	False	True	True
wh_tower_grn_rock_idol	artillery	artillery_default	wh_main_tower_grn_rock_idol_explosion	grenade_spin	1	low	450	0	88	67	10	0	750	100	False	False	0.1	22	225	120	0	0	0	wh_grn_idol_tower		wh_tower_rock_idol	1	True		False	-1	1	0	200			0	False	True	45	high	-1	False	False	False	False	1	False	False	True	True
wh_tower_vmp_bones	misc	small_arm_default		axe_spin	1	low	450	0	88	67	10	1.25	150	75	False	False	0.1	20	225	75	0	0	0	wh_vmp_bones_tower		wh_tower_bones	-1	True		False	-1	3	1	1			0	False	True	45	low	-1	False	False	False	False	1	False	False	False	True
wh_tower_vmp_bones_improved	misc	small_arm_default		axe_spin	1	low	450	0	88	67	10	1.25	165	85	False	False	0.1	20	225	75	0	0	0	wh_vmp_bones_tower_improved		wh_tower_bones	-1	True		False	-1	3	1	1			0	False	True	45	low	-1	False	False	False	False	1	False	False	False	True
wh_tower_vmp_caged_bats	artillery	artillery_default	wh_main_tower_vmp_caged_bats_explosion	grenade_spin	1	low	450	0	88	67	10	0	600	100	False	False	0.1	22	225	120	0	0	0	wh_vmp_caged_bats_tower		wh_tower_caged_bats	1	True		False	-1	1	0	200			0	False	True	45	low	-1	False	False	False	False	1	False	False	True	True
wh_tower_vmp_corpse_ball	artillery	artillery_explosive	wh_main_tower_vmp_corpse_ball_explosion	grenade_spin	1	low	450	0	88	67	10	0	750	100	False	False	0.1	22	225	120	0	0	0	wh_vmp_corpse_ball_tower		wh_tower_corpse_ball	1	True		False	-1	1	0	200			0	False	True	45	low	-1	False	False	False	False	1	False	False	True	True
